x1,x2,y1
0.0161,0.0161,4.692874124
0.0323,0.0161,6.388692047
0.0484,0.0161,8.00382706
0.0645,0.0161,9.497314691
0.0806,0.0161,10.83268657
0.0968,0.0161,11.99619763
0.1129,0.0161,12.96768353
0.129,0.0161,13.76055474
0.1452,0.0161,14.39164926
0.1613,0.0161,14.8711101
0.1774,0.0161,15.22292415
0.1935,0.0161,15.46656224
0.2097,0.0161,15.62091671
0.2258,0.0161,15.7004429
0.2419,0.0161,15.72049286
0.2581,0.0161,15.6927892
0.2742,0.0161,15.62777242
0.2903,0.0161,15.53369989
0.3065,0.0161,15.41657432
0.3226,0.0161,15.28337209
0.3387,0.0161,15.13786707
0.3548,0.0161,14.98361551
0.371,0.0161,14.82244689
0.3871,0.0161,14.65861412
0.4032,0.0161,14.49291478
0.4194,0.0161,14.32571239
0.4355,0.0161,14.16016304
0.4516,0.0161,13.99607323
0.4677,0.0161,13.83408331
0.4839,0.0161,13.6736938
0.5,0.0161,13.51724138
0.5161,0.0161,13.36398094
0.5323,0.0161,13.21316539
0.5484,0.0161,13.06676656
0.5645,0.0161,12.92390186
0.5806,0.0161,12.78459084
0.5968,0.0161,12.64799
0.6129,0.0161,12.51575046
0.629,0.0161,12.38696467
0.6452,0.0161,12.26079708
0.6613,0.0161,12.13872769
0.6774,0.0161,12.01988275
0.6935,0.0161,11.90417284
0.7097,0.0161,11.79081493
0.7258,0.0161,11.68111381
0.7419,0.0161,11.57426568
0.7581,0.0161,11.46953807
0.7742,0.0161,11.36813017
0.7903,0.0161,11.26929533
0.8065,0.0161,11.17235301
0.8226,0.0161,11.07841216
0.8387,0.0161,10.98678186
0.8548,0.0161,10.89737988
0.871,0.0161,10.80959129
0.8871,0.0161,10.72442277
0.9032,0.0161,10.64125188
0.9194,0.0161,10.55950869
0.9355,0.0161,10.4801336
0.9516,0.0161,10.40255035
0.9677,0.0161,10.32669582
0.9839,0.0161,10.25205373
0.0161,0.0323,4.692873236
0.0323,0.0323,6.388690838
0.0484,0.0323,8.003825545
0.0645,0.0323,9.497312893
0.0806,0.0323,10.83268452
0.0968,0.0323,11.99619536
0.1129,0.0323,12.96768107
0.129,0.0323,13.76055214
0.1452,0.0323,14.39164654
0.1613,0.0323,14.87110729
0.1774,0.0323,15.22292127
0.1935,0.0323,15.46655931
0.2097,0.0323,15.62091376
0.2258,0.0323,15.70043993
0.2419,0.0323,15.72048988
0.2581,0.0323,15.69278623
0.2742,0.0323,15.62776946
0.2903,0.0323,15.53369694
0.3065,0.0323,15.4165714
0.3226,0.0323,15.2833692
0.3387,0.0323,15.13786421
0.3548,0.0323,14.98361267
0.371,0.0323,14.82244408
0.3871,0.0323,14.65861135
0.4032,0.0323,14.49291203
0.4194,0.0323,14.32570968
0.4355,0.0323,14.16016036
0.4516,0.0323,13.99607058
0.4677,0.0323,13.83408069
0.4839,0.0323,13.67369122
0.5,0.0323,13.51723882
0.5161,0.0323,13.36397841
0.5323,0.0323,13.21316289
0.5484,0.0323,13.06676409
0.5645,0.0323,12.92389942
0.5806,0.0323,12.78458842
0.5968,0.0323,12.6479876
0.6129,0.0323,12.51574809
0.629,0.0323,12.38696232
0.6452,0.0323,12.26079476
0.6613,0.0323,12.13872539
0.6774,0.0323,12.01988047
0.6935,0.0323,11.90417058
0.7097,0.0323,11.79081269
0.7258,0.0323,11.6811116
0.7419,0.0323,11.57426349
0.7581,0.0323,11.4695359
0.7742,0.0323,11.36812801
0.7903,0.0323,11.2692932
0.8065,0.0323,11.17235089
0.8226,0.0323,11.07841006
0.8387,0.0323,10.98677978
0.8548,0.0323,10.89737781
0.871,0.0323,10.80958924
0.8871,0.0323,10.72442074
0.9032,0.0323,10.64124987
0.9194,0.0323,10.5595067
0.9355,0.0323,10.48013162
0.9516,0.0323,10.40254838
0.9677,0.0323,10.32669387
0.9839,0.0323,10.25205179
0.0161,0.0484,4.692721042
0.0323,0.0484,6.388483647
0.0484,0.0484,8.003565974
0.0645,0.0484,9.497004887
0.0806,0.0484,10.8323332
0.0968,0.0484,11.99580631
0.1129,0.0484,12.96726052
0.129,0.0484,13.76010587
0.1452,0.0484,14.3911798
0.1613,0.0484,14.870625
0.1774,0.0484,15.22242757
0.1935,0.0484,15.46605772
0.2097,0.0484,15.62040716
0.2258,0.0484,15.69993075
0.2419,0.0484,15.71998005
0.2581,0.0484,15.6922773
0.2742,0.0484,15.62726264
0.2903,0.0484,15.53319317
0.3065,0.0484,15.41607142
0.3226,0.0484,15.28287355
0.3387,0.0484,15.13737327
0.3548,0.0484,14.98312674
0.371,0.0484,14.82196338
0.3871,0.0484,14.65813596
0.4032,0.0484,14.49244202
0.4194,0.0484,14.32524508
0.4355,0.0484,14.15970114
0.4516,0.0484,13.99561668
0.4677,0.0484,13.83363204
0.4839,0.0484,13.67324777
0.5,0.0484,13.51680044
0.5161,0.0484,13.36354501
0.5323,0.0484,13.21273438
0.5484,0.0484,13.06634032
0.5645,0.0484,12.92348028
0.5806,0.0484,12.78417381
0.5968,0.0484,12.64757742
0.6129,0.0484,12.51534219
0.629,0.0484,12.3865606
0.6452,0.0484,12.26039713
0.6613,0.0484,12.13833172
0.6774,0.0484,12.01949066
0.6935,0.0484,11.90378452
0.7097,0.0484,11.79043031
0.7258,0.0484,11.68073277
0.7419,0.0484,11.57388812
0.7581,0.0484,11.46916393
0.7742,0.0484,11.36775934
0.7903,0.0484,11.26892773
0.8065,0.0484,11.17198856
0.8226,0.0484,11.07805078
0.8387,0.0484,10.98642347
0.8548,0.0484,10.8970244
0.871,0.0484,10.80923868
0.8871,0.0484,10.72407294
0.9032,0.0484,10.64090476
0.9194,0.0484,10.55916424
0.9355,0.0484,10.47979174
0.9516,0.0484,10.40221102
0.9677,0.0484,10.32635896
0.9839,0.0484,10.25171931
0.0161,0.0645,4.690856618
0.0323,0.0645,6.385945493
0.0484,0.0645,8.000386146
0.0645,0.0645,9.493231714
0.0806,0.0645,10.8280295
0.0968,0.0645,11.99104036
0.1129,0.0645,12.96210861
0.129,0.0645,13.75463896
0.1452,0.0645,14.38546217
0.1613,0.0645,14.86471688
0.1774,0.0645,15.21637968
0.1935,0.0645,15.45991303
0.2097,0.0645,15.61420115
0.2258,0.0645,15.69369315
0.2419,0.0645,15.71373448
0.2581,0.0645,15.68604274
0.2742,0.0645,15.62105391
0.2903,0.0645,15.52702181
0.3065,0.0645,15.4099466
0.3226,0.0645,15.27680164
0.3387,0.0645,15.13135917
0.3548,0.0645,14.97717393
0.371,0.0645,14.81607459
0.3871,0.0645,14.65231226
0.4032,0.0645,14.48668415
0.4194,0.0645,14.31955364
0.4355,0.0645,14.15407547
0.4516,0.0645,13.9900562
0.4677,0.0645,13.82813592
0.4839,0.0645,13.66781537
0.5,0.0645,13.5114302
0.5161,0.0645,13.35823565
0.5323,0.0645,13.20748494
0.5484,0.0645,13.06114905
0.5645,0.0645,12.91834577
0.5806,0.0645,12.77909464
0.5968,0.0645,12.64255252
0.6129,0.0645,12.51036983
0.629,0.0645,12.38163941
0.6452,0.0645,12.25552606
0.6613,0.0645,12.13350915
0.6774,0.0645,12.0147153
0.6935,0.0645,11.89905513
0.7097,0.0645,11.78574595
0.7258,0.0645,11.676092
0.7419,0.0645,11.5692898
0.7581,0.0645,11.46460722
0.7742,0.0645,11.36324291
0.7903,0.0645,11.26445057
0.8065,0.0645,11.16754992
0.8226,0.0645,11.07364945
0.8387,0.0645,10.98205855
0.8548,0.0645,10.892695
0.871,0.0645,10.80494415
0.8871,0.0645,10.71981225
0.9032,0.0645,10.63667712
0.9194,0.0645,10.55496907
0.9355,0.0645,10.4756281
0.9516,0.0645,10.39807821
0.9677,0.0645,10.32225629
0.9839,0.0645,10.24764629
0.0161,0.0806,4.68338329
0.0323,0.0806,6.375771603
0.0484,0.0806,7.987640179
0.0645,0.0806,9.478107391
0.0806,0.0806,10.81077862
0.0968,0.0806,11.97193661
0.1129,0.0806,12.94145778
0.129,0.0806,13.7327255
0.1452,0.0806,14.3625437
0.1613,0.0806,14.84103488
0.1774,0.0806,15.19213742
0.1935,0.0806,15.43528278
0.2097,0.0806,15.58932508
0.2258,0.0806,15.66869044
0.2419,0.0806,15.68869985
0.2581,0.0806,15.66105222
0.2742,0.0806,15.59616693
0.2903,0.0806,15.50228464
0.3065,0.0806,15.38539595
0.3226,0.0806,15.25246311
0.3387,0.0806,15.10725236
0.3548,0.0806,14.95331276
0.371,0.0806,14.79247008
0.3871,0.0806,14.62896865
0.4032,0.0806,14.46360441
0.4194,0.0806,14.29674017
0.4355,0.0806,14.13152563
0.4516,0.0806,13.96776767
0.4677,0.0806,13.80610536
0.4839,0.0806,13.64604023
0.5,0.0806,13.48990421
0.5161,0.0806,13.33695373
0.5323,0.0806,13.18644319
0.5484,0.0806,13.04034043
0.5645,0.0806,12.89776466
0.5806,0.0806,12.75873538
0.5968,0.0806,12.62241079
0.6129,0.0806,12.4904387
0.629,0.0806,12.36191336
0.6452,0.0806,12.23600093
0.6613,0.0806,12.11417841
0.6774,0.0806,11.99557382
0.6935,0.0806,11.88009792
0.7097,0.0806,11.76696927
0.7258,0.0806,11.65749001
0.7419,0.0806,11.55085797
0.7581,0.0806,11.44634216
0.7742,0.0806,11.34513934
0.7903,0.0806,11.24650439
0.8065,0.0806,11.14975812
0.8226,0.0806,11.05600726
0.8387,0.0806,10.96456227
0.8548,0.0806,10.8753411
0.871,0.0806,10.78773005
0.8871,0.0806,10.70273378
0.9032,0.0806,10.61973109
0.9194,0.0806,10.53815322
0.9355,0.0806,10.45893865
0.9516,0.0806,10.38151231
0.9677,0.0806,10.30581119
0.9839,0.0806,10.23132005
0.0161,0.0968,4.666071194
0.0323,0.0968,6.352203604
0.0484,0.0968,7.958113918
0.0645,0.0968,9.443071628
0.0806,0.0968,10.77081665
0.0968,0.0968,11.92768242
0.1129,0.0968,12.89361976
0.129,0.0968,13.68196257
0.1452,0.0968,14.30945265
0.1613,0.0968,14.78617509
0.1774,0.0968,15.13597978
0.1935,0.0968,15.37822636
0.2097,0.0968,15.53169924
0.2258,0.0968,15.61077123
0.2419,0.0968,15.63070667
0.2581,0.0968,15.60316124
0.2742,0.0968,15.5385158
0.2903,0.0968,15.44498055
0.3065,0.0968,15.32852393
0.3226,0.0968,15.19608248
0.3387,0.0968,15.0514085
0.3548,0.0968,14.89803793
0.371,0.0968,14.73778981
0.3871,0.0968,14.57489276
0.4032,0.0968,14.41013979
0.4194,0.0968,14.24389236
0.4355,0.0968,14.07928854
0.4516,0.0968,13.91613591
0.4677,0.0968,13.75507118
0.4839,0.0968,13.59559773
0.5,0.0968,13.44003886
0.5161,0.0968,13.28765376
0.5323,0.0968,13.13769958
0.5484,0.0968,12.99213689
0.5645,0.0968,12.85008815
0.5806,0.0968,12.7115728
0.5968,0.0968,12.57575213
0.6129,0.0968,12.44426787
0.629,0.0968,12.31621763
0.6452,0.0968,12.19077063
0.6613,0.0968,12.06939843
0.6774,0.0968,11.95123226
0.6935,0.0968,11.83618322
0.7097,0.0968,11.72347274
0.7258,0.0968,11.61439818
0.7419,0.0968,11.50816029
0.7581,0.0968,11.40403083
0.7742,0.0968,11.30320211
0.7903,0.0968,11.20493176
0.8065,0.0968,11.10854311
0.8226,0.0968,11.0151388
0.8387,0.0968,10.92403184
0.8548,0.0968,10.83514047
0.871,0.0968,10.74785328
0.8871,0.0968,10.66317119
0.9032,0.0968,10.58047532
0.9194,0.0968,10.49919901
0.9355,0.0968,10.42027725
0.9516,0.0968,10.34313712
0.9677,0.0968,10.26771582
0.9839,0.0968,10.19350005
0.0161,0.1129,4.636888076
0.0323,0.1129,6.312474869
0.0484,0.1129,7.9083413
0.0645,0.1129,9.384011605
0.0806,0.1129,10.70345248
0.0968,0.1129,11.85308284
0.1129,0.1129,12.8129789
0.129,0.1129,13.59639115
0.1452,0.1129,14.2199567
0.1613,0.1129,14.69369757
0.1774,0.1129,15.04131447
0.1935,0.1129,15.28204596
0.2097,0.1129,15.43455898
0.2258,0.1129,15.51313641
0.2419,0.1129,15.53294718
0.2581,0.1129,15.50557402
0.2742,0.1129,15.44133289
0.2903,0.1129,15.34838265
0.3065,0.1129,15.23265439
0.3226,0.1129,15.10104127
0.3387,0.1129,14.95727212
0.3548,0.1129,14.80486078
0.371,0.1129,14.64561491
0.3871,0.1129,14.48373667
0.4032,0.1129,14.32001412
0.4194,0.1129,14.15480645
0.4355,0.1129,13.99123212
0.4516,0.1129,13.8290999
0.4677,0.1129,13.66904252
0.4839,0.1129,13.51056646
0.5,0.1129,13.35598052
0.5161,0.1129,13.20454848
0.5323,0.1129,13.05553216
0.5484,0.1129,12.91087987
0.5645,0.1129,12.76971955
0.5806,0.1129,12.63207051
0.5968,0.1129,12.49709931
0.6129,0.1129,12.3664374
0.629,0.1129,12.23918802
0.6452,0.1129,12.11452561
0.6613,0.1129,11.99391251
0.6774,0.1129,11.87648539
0.6935,0.1129,11.7621559
0.7097,0.1129,11.65015035
0.7258,0.1129,11.54175797
0.7419,0.1129,11.43618454
0.7581,0.1129,11.33270634
0.7742,0.1129,11.23250823
0.7903,0.1129,11.1348525
0.8065,0.1129,11.03906669
0.8226,0.1129,10.94624656
0.8387,0.1129,10.85570941
0.8548,0.1129,10.767374
0.871,0.1129,10.68063273
0.8871,0.1129,10.59648027
0.9032,0.1129,10.51430161
0.9194,0.1129,10.43353362
0.9355,0.1129,10.35510547
0.9516,0.1129,10.27844779
0.9677,0.1129,10.20349821
0.9839,0.1129,10.1297466
0.0161,0.129,4.595570961
0.0323,0.129,6.256227393
0.0484,0.129,7.837873815
0.0645,0.129,9.300395119
0.0806,0.129,10.60807908
0.0968,0.129,11.74746563
0.1129,0.129,12.69880851
0.129,0.129,13.47524014
0.1452,0.129,14.0932494
0.1613,0.129,14.56276898
0.1774,0.129,14.90728843
0.1935,0.129,15.14587488
0.2097,0.129,15.29702893
0.2258,0.129,15.3749062
0.2419,0.129,15.39454044
0.2581,0.129,15.36741119
0.2742,0.129,15.30374249
0.2903,0.129,15.21162047
0.3065,0.129,15.09692341
0.3226,0.129,14.96648304
0.3387,0.129,14.82399495
0.3548,0.129,14.67294168
0.371,0.129,14.51511477
0.3871,0.129,14.35467895
0.4032,0.129,14.19241525
0.4194,0.129,14.02867967
0.4355,0.129,13.86656287
0.4516,0.129,13.70587533
0.4677,0.129,13.54724415
0.4839,0.129,13.3901802
0.5,0.129,13.2369717
0.5161,0.129,13.086889
0.5323,0.129,12.93920049
0.5484,0.129,12.79583713
0.5645,0.129,12.65593462
0.5806,0.129,12.51951211
0.5968,0.129,12.38574358
0.6129,0.129,12.25624593
0.629,0.129,12.13013041
0.6452,0.129,12.00657881
0.6613,0.129,11.88704043
0.6774,0.129,11.77065965
0.6935,0.129,11.6573489
0.7097,0.129,11.54634138
0.7258,0.129,11.43891483
0.7419,0.129,11.33428211
0.7581,0.129,11.23172595
0.7742,0.129,11.13242066
0.7903,0.129,11.0356351
0.8065,0.129,10.94070279
0.8226,0.129,10.84870974
0.8387,0.129,10.75897933
0.8548,0.129,10.67143102
0.871,0.129,10.58546266
0.8871,0.129,10.50206005
0.9032,0.129,10.42061364
0.9194,0.129,10.34056534
0.9355,0.129,10.26283603
0.9516,0.129,10.18686141
0.9677,0.129,10.11257967
0.9839,0.129,10.03948522
0.0161,0.1452,4.54292826
0.0323,0.1452,6.184561716
0.0484,0.1452,7.748090228
0.0645,0.1452,9.193858212
0.0806,0.1452,10.48656253
0.0968,0.1452,11.6128973
0.1129,0.1452,12.55334245
0.129,0.1452,13.32087999
0.1452,0.1452,13.93180989
0.1613,0.1452,14.39595108
0.1774,0.1452,14.73652403
0.1935,0.1452,14.97237745
0.2097,0.1452,15.12180001
0.2258,0.1452,15.19878519
0.2419,0.1452,15.21819452
0.2581,0.1452,15.19137604
0.2742,0.1452,15.12843667
0.2903,0.1452,15.03736992
0.3065,0.1452,14.92398673
0.3226,0.1452,14.79504055
0.3387,0.1452,14.65418468
0.3548,0.1452,14.50486174
0.371,0.1452,14.34884275
0.3871,0.1452,14.19024474
0.4032,0.1452,14.02983979
0.4194,0.1452,13.86797982
0.4355,0.1452,13.70772008
0.4516,0.1452,13.54887323
0.4677,0.1452,13.39205918
0.4839,0.1452,13.23679442
0.5,0.1452,13.08534093
0.5161,0.1452,12.93697744
0.5323,0.1452,12.79098073
0.5484,0.1452,12.6492596
0.5645,0.1452,12.51095969
0.5806,0.1452,12.37609991
0.5968,0.1452,12.24386371
0.6129,0.1452,12.11584947
0.629,0.1452,11.99117862
0.6452,0.1452,11.86904231
0.6613,0.1452,11.75087326
0.6774,0.1452,11.63582563
0.6935,0.1452,11.52381286
0.7097,0.1452,11.41407694
0.7258,0.1452,11.30788098
0.7419,0.1452,11.20444684
0.7581,0.1452,11.10306547
0.7742,0.1452,11.00489773
0.7903,0.1452,10.90922085
0.8065,0.1452,10.81537601
0.8226,0.1452,10.72443674
0.8387,0.1452,10.6357342
0.8548,0.1452,10.54918877
0.871,0.1452,10.46420519
0.8871,0.1452,10.38175796
0.9032,0.1452,10.30124453
0.9194,0.1452,10.22211319
0.9355,0.1452,10.14527427
0.9516,0.1452,10.07016995
0.9677,0.1452,9.996739108
0.9839,0.1452,9.924481969
0.0161,0.1613,4.481424565
0.0323,0.1613,6.100833032
0.0484,0.1613,7.643193968
0.0645,0.1613,9.069388657
0.0806,0.1613,10.34459191
0.0968,0.1613,11.45567798
0.1129,0.1613,12.38339107
0.129,0.1613,13.14053742
0.1452,0.1613,13.74319635
0.1613,0.1613,14.20105384
0.1774,0.1613,14.537016
0.1935,0.1613,14.76967635
0.2097,0.1613,14.91707598
0.2258,0.1613,14.99301891
0.2419,0.1613,15.01216546
0.2581,0.1613,14.98571007
0.2742,0.1613,14.92362279
0.2903,0.1613,14.83378893
0.3065,0.1613,14.72194076
0.3226,0.1613,14.5947403
0.3387,0.1613,14.45579139
0.3548,0.1613,14.30849003
0.371,0.1613,14.15458328
0.3871,0.1613,13.99813242
0.4032,0.1613,13.83989908
0.4194,0.1613,13.68023043
0.4355,0.1613,13.52214034
0.4516,0.1613,13.36544402
0.4677,0.1613,13.21075297
0.4839,0.1613,13.05759023
0.5,0.1613,12.90818717
0.5161,0.1613,12.76183228
0.5323,0.1613,12.61781211
0.5484,0.1613,12.47800966
0.5645,0.1613,12.3415821
0.5806,0.1613,12.2085481
0.5968,0.1613,12.07810215
0.6129,0.1613,11.95182101
0.629,0.1613,11.82883799
0.6452,0.1613,11.70835521
0.6613,0.1613,11.59178597
0.6774,0.1613,11.4782959
0.6935,0.1613,11.36779959
0.7097,0.1613,11.25954932
0.7258,0.1613,11.15479107
0.7419,0.1613,11.05275725
0.7581,0.1613,10.95274842
0.7742,0.1613,10.85590971
0.7903,0.1613,10.76152814
0.8065,0.1613,10.6689538
0.8226,0.1613,10.57924569
0.8387,0.1613,10.49174404
0.8548,0.1613,10.40637029
0.871,0.1613,10.32253725
0.8871,0.1613,10.24120621
0.9032,0.1613,10.1617828
0.9194,0.1613,10.08372277
0.9355,0.1613,10.00792412
0.9516,0.1613,9.933836588
0.9677,0.1613,9.86139988
0.9839,0.1613,9.790120983
0.0161,0.1774,4.412728038
0.0323,0.1774,6.007312316
0.0484,0.1774,7.526030135
0.0645,0.1774,8.930362442
0.0806,0.1774,10.18601788
0.0968,0.1774,11.28007192
0.1129,0.1774,12.19356394
0.129,0.1774,12.93910387
0.1452,0.1774,13.53252453
0.1613,0.1774,13.98336345
0.1774,0.1774,14.31417559
0.1935,0.1774,14.54326944
0.2097,0.1774,14.68840956
0.2258,0.1774,14.76318835
0.2419,0.1774,14.7820414
0.2581,0.1774,14.75599155
0.2742,0.1774,14.69485601
0.2903,0.1774,14.60639924
0.3065,0.1774,14.4962656
0.3226,0.1774,14.37101502
0.3387,0.1774,14.23419608
0.3548,0.1774,14.08915273
0.371,0.1774,13.93760524
0.3871,0.1774,13.78355264
0.4032,0.1774,13.6277449
0.4194,0.1774,13.47052383
0.4355,0.1774,13.31485713
0.4516,0.1774,13.16056283
0.4677,0.1774,13.00824307
0.4839,0.1774,12.85742819
0.5,0.1774,12.71031535
0.5161,0.1774,12.56620396
0.5323,0.1774,12.42439151
0.5484,0.1774,12.28673211
0.5645,0.1774,12.15239587
0.5806,0.1774,12.02140117
0.5968,0.1774,11.89295485
0.6129,0.1774,11.76860949
0.629,0.1774,11.64751171
0.6452,0.1774,11.52887583
0.6613,0.1774,11.4140935
0.6774,0.1774,11.30234313
0.6935,0.1774,11.19354064
0.7097,0.1774,11.08694975
0.7258,0.1774,10.98379736
0.7419,0.1774,10.88332764
0.7581,0.1774,10.78485186
0.7742,0.1774,10.68949761
0.7903,0.1774,10.59656283
0.8065,0.1774,10.50540757
0.8226,0.1774,10.41707462
0.8387,0.1774,10.33091429
0.8548,0.1774,10.24684926
0.871,0.1774,10.1643013
0.8871,0.1774,10.08421701
0.9032,0.1774,10.00601109
0.9194,0.1774,9.929147651
0.9355,0.1774,9.854510935
0.9516,0.1774,9.781559101
0.9677,0.1774,9.710232789
0.9839,0.1774,9.640046538
0.0161,0.1935,4.33868849
0.0323,0.1935,5.906517822
0.0484,0.1935,7.399753632
0.0645,0.1935,8.780523161
0.0806,0.1935,10.01511042
0.0968,0.1935,11.09080773
0.1129,0.1935,11.9889726
0.129,0.1935,12.72200338
0.1452,0.1935,13.30546726
0.1613,0.1935,13.74874171
0.1774,0.1935,14.07400328
0.1935,0.1935,14.29925325
0.2097,0.1935,14.44195812
0.2258,0.1935,14.51548222
0.2419,0.1935,14.53401894
0.2581,0.1935,14.50840617
0.2742,0.1935,14.4482964
0.2903,0.1935,14.36132381
0.3065,0.1935,14.25303807
0.3226,0.1935,14.12988903
0.3387,0.1935,13.99536572
0.3548,0.1935,13.85275599
0.371,0.1935,13.70375127
0.3871,0.1935,13.55228346
0.4032,0.1935,13.39908995
0.4194,0.1935,13.24450684
0.4355,0.1935,13.09145202
0.4516,0.1935,12.93974657
0.4677,0.1935,12.78998252
0.4839,0.1935,12.64169811
0.5,0.1935,12.49705363
0.5161,0.1935,12.35536023
0.5323,0.1935,12.21592719
0.5484,0.1935,12.08057753
0.5645,0.1935,11.94849527
0.5806,0.1935,11.81969848
0.5968,0.1935,11.69340732
0.6129,0.1935,11.57114831
0.629,0.1935,11.45208237
0.6452,0.1935,11.33543704
0.6613,0.1935,11.2225806
0.6774,0.1935,11.11270525
0.6935,0.1935,11.00572832
0.7097,0.1935,10.90092589
0.7258,0.1935,10.79950425
0.7419,0.1935,10.70072027
0.7581,0.1935,10.60389678
0.7742,0.1935,10.51014244
0.7903,0.1935,10.41876698
0.8065,0.1935,10.32914119
0.8226,0.1935,10.24229034
0.8387,0.1935,10.15757567
0.8548,0.1935,10.07492112
0.871,0.1935,9.993758211
0.8871,0.1935,9.915017622
0.9032,0.1935,9.838123895
0.9194,0.1935,9.762550119
0.9355,0.1935,9.689165705
0.9516,0.1935,9.617437904
0.9677,0.1935,9.547308349
0.9839,0.1935,9.478299728
0.0161,0.2097,4.260434861
0.0323,0.2097,5.799986445
0.0484,0.2097,7.266289895
0.0645,0.2097,8.622155532
0.0806,0.2097,9.834475476
0.0968,0.2097,10.89077125
0.1129,0.2097,11.7727366
0.129,0.2097,12.49254627
0.1452,0.2097,13.06548665
0.1613,0.2097,13.5007661
0.1774,0.2097,13.82016116
0.1935,0.2097,14.04134848
0.2097,0.2097,14.18147948
0.2258,0.2097,14.25367749
0.2419,0.2097,14.27187988
0.2581,0.2097,14.24672906
0.2742,0.2097,14.18770345
0.2903,0.2097,14.10229952
0.3065,0.2097,13.99596684
0.3226,0.2097,13.87503895
0.3387,0.2097,13.74294193
0.3548,0.2097,13.60290435
0.371,0.2097,13.45658711
0.3871,0.2097,13.30785121
0.4032,0.2097,13.15742074
0.4194,0.2097,13.00562573
0.4355,0.2097,12.85533144
0.4516,0.2097,12.70636218
0.4677,0.2097,12.55929932
0.4839,0.2097,12.4136894
0.5,0.2097,12.27165376
0.5161,0.2097,12.13251598
0.5323,0.2097,11.99559779
0.5484,0.2097,11.86268932
0.5645,0.2097,11.73298933
0.5806,0.2097,11.60651555
0.5968,0.2097,11.48250221
0.6129,0.2097,11.36244829
0.629,0.2097,11.24552986
0.6452,0.2097,11.13098837
0.6613,0.2097,11.02016744
0.6774,0.2097,10.91227383
0.6935,0.2097,10.80722636
0.7097,0.2097,10.70431416
0.7258,0.2097,10.60472179
0.7419,0.2097,10.50771951
0.7581,0.2097,10.41264235
0.7742,0.2097,10.32057898
0.7903,0.2097,10.23085159
0.8065,0.2097,10.14284231
0.8226,0.2097,10.05755793
0.8387,0.2097,9.974371188
0.8548,0.2097,9.893207423
0.871,0.2097,9.813508382
0.8871,0.2097,9.736187978
0.9032,0.2097,9.660681124
0.9194,0.2097,9.586470415
0.9355,0.2097,9.514409581
0.9516,0.2097,9.443975479
0.9677,0.2097,9.375110798
0.9839,0.2097,9.307346833
0.0161,0.2258,4.180296833
0.0323,0.2258,5.690889724
0.0484,0.2258,7.129612264
0.0645,0.2258,8.459974309
0.0806,0.2258,9.649490728
0.0968,0.2258,10.68591776
0.1129,0.2258,11.5512935
0.129,0.2258,12.25756368
0.1452,0.2258,12.81972715
0.1613,0.2258,13.24681907
0.1774,0.2258,13.56020637
0.1935,0.2258,13.77723319
0.2097,0.2258,13.91472836
0.2258,0.2258,13.98556833
0.2419,0.2258,14.00342834
0.2581,0.2258,13.9787506
0.2742,0.2258,13.92083525
0.2903,0.2258,13.83703775
0.3065,0.2258,13.73270518
0.3226,0.2258,13.61405191
0.3387,0.2258,13.48443962
0.3548,0.2258,13.34703612
0.371,0.2258,13.20347108
0.3871,0.2258,13.05753288
0.4032,0.2258,12.90993198
0.4194,0.2258,12.76099221
0.4355,0.2258,12.61352492
0.4516,0.2258,12.46735775
0.4677,0.2258,12.32306112
0.4839,0.2258,12.18019009
0.5,0.2258,12.04082612
0.5161,0.2258,11.90430549
0.5323,0.2258,11.76996271
0.5484,0.2258,11.63955423
0.5645,0.2258,11.51229387
0.5806,0.2258,11.38819904
0.5968,0.2258,11.26651837
0.6129,0.2258,11.14872264
0.629,0.2258,11.03400343
0.6452,0.2258,10.92161644
0.6613,0.2258,10.81288003
0.6774,0.2258,10.70701588
0.6935,0.2258,10.60394434
0.7097,0.2258,10.5029679
0.7258,0.2258,10.40524885
0.7419,0.2258,10.31007116
0.7581,0.2258,10.21678238
0.7742,0.2258,10.12645071
0.7903,0.2258,10.03841108
0.8065,0.2258,9.952057238
0.8226,0.2258,9.868377038
0.8387,0.2258,9.786755027
0.8548,0.2258,9.707117938
0.871,0.2258,9.628918022
0.8871,0.2258,9.553052001
0.9032,0.2258,9.478965418
0.9194,0.2258,9.406150599
0.9355,0.2258,9.335445216
0.9516,0.2258,9.266335967
0.9677,0.2258,9.198766619
0.9839,0.2258,9.132277282
0.0161,0.2419,4.098903021
0.0323,0.2419,5.580083428
0.0484,0.2419,6.990792859
0.0645,0.2419,8.295251661
0.0806,0.2419,9.46160722
0.0968,0.2419,10.47785417
0.1129,0.2419,11.32638033
0.129,0.2419,12.01889885
0.1452,0.2419,12.57011654
0.1613,0.2419,12.98889263
0.1774,0.2419,13.29617802
0.1935,0.2419,13.50897915
0.2097,0.2419,13.64379717
0.2258,0.2419,13.71325783
0.2419,0.2419,13.73077009
0.2581,0.2419,13.70657285
0.2742,0.2419,13.64978516
0.2903,0.2419,13.56761927
0.3065,0.2419,13.46531813
0.3226,0.2419,13.34897514
0.3387,0.2419,13.22188651
0.3548,0.2419,13.08715837
0.371,0.2419,12.94638866
0.3871,0.2419,12.80329199
0.4032,0.2419,12.658565
0.4194,0.2419,12.51252521
0.4355,0.2419,12.36792923
0.4516,0.2419,12.22460806
0.4677,0.2419,12.083121
0.4839,0.2419,11.94303179
0.5,0.2419,11.80638135
0.5161,0.2419,11.67251889
0.5323,0.2419,11.54079187
0.5484,0.2419,11.41292255
0.5645,0.2419,11.28814006
0.5806,0.2419,11.16646146
0.5968,0.2419,11.04715
0.6129,0.2419,10.93164786
0.629,0.2419,10.81916232
0.6452,0.2419,10.7089636
0.6613,0.2419,10.60234438
0.6774,0.2419,10.49854149
0.6935,0.2419,10.39747683
0.7097,0.2419,10.29846649
0.7258,0.2419,10.20265011
0.7419,0.2419,10.10932561
0.7581,0.2419,10.01785324
0.7742,0.2419,9.929280403
0.7903,0.2419,9.84295497
0.8065,0.2419,9.75828251
0.8226,0.2419,9.676231633
0.8387,0.2419,9.596198869
0.8548,0.2419,9.51811238
0.871,0.2419,9.441435081
0.8871,0.2419,9.367046233
0.9032,0.2419,9.294402177
0.9194,0.2419,9.223005122
0.9355,0.2419,9.153676431
0.9516,0.2419,9.085912796
0.9677,0.2419,9.019659078
0.9839,0.2419,8.954464343
0.0161,0.2581,4.016621397
0.0323,0.2581,5.4680685
0.0484,0.2581,6.850459266
0.0645,0.2581,8.128732285
0.0806,0.2581,9.271674352
0.0968,0.2581,10.2675211
0.1129,0.2581,11.0990139
0.129,0.2581,11.77763076
0.1452,0.2581,12.31778327
0.1613,0.2581,12.72815282
0.1774,0.2581,13.02926975
0.1935,0.2581,13.2377991
0.2097,0.2581,13.36991077
0.2258,0.2581,13.43797707
0.2419,0.2581,13.45513779
0.2581,0.2581,13.43142629
0.2742,0.2581,13.37577856
0.2903,0.2581,13.29526207
0.3065,0.2581,13.19501453
0.3226,0.2581,13.08100702
0.3387,0.2581,12.95646957
0.3548,0.2581,12.82444597
0.371,0.2581,12.68650208
0.3871,0.2581,12.54627795
0.4032,0.2581,12.40445622
0.4194,0.2581,12.26134803
0.4355,0.2581,12.11965468
0.4516,0.2581,11.97921055
0.4677,0.2581,11.8405637
0.4839,0.2581,11.70328666
0.5,0.2581,11.56937934
0.5161,0.2581,11.43820405
0.5323,0.2581,11.30912133
0.5484,0.2581,11.18381887
0.5645,0.2581,11.06154126
0.5806,0.2581,10.94230524
0.5968,0.2581,10.82538886
0.6129,0.2581,10.71220531
0.629,0.2581,10.60197781
0.6452,0.2581,10.49399123
0.6613,0.2581,10.38951228
0.6774,0.2581,10.28779314
0.6935,0.2581,10.18875726
0.7097,0.2581,10.09173446
0.7258,0.2581,9.997841502
0.7419,0.2581,9.906390401
0.7581,0.2581,9.816754258
0.7742,0.2581,9.729959436
0.7903,0.2581,9.645366905
0.8065,0.2581,9.562394166
0.8226,0.2581,9.481990382
0.8387,0.2581,9.403564201
0.8548,0.2581,9.327045224
0.871,0.2581,9.25190715
0.8871,0.2581,9.179011589
0.9032,0.2581,9.107825793
0.9194,0.2581,9.037861967
0.9355,0.2581,8.969924985
0.9516,0.2581,8.903521641
0.9677,0.2581,8.838597904
0.9839,0.2581,8.774711892
0.0161,0.2742,3.935154077
0.0323,0.2742,5.357162133
0.0484,0.2742,6.71151449
0.0645,0.2742,7.963860874
0.0806,0.2742,9.083621162
0.0968,0.2742,10.0592696
0.1129,0.2742,10.87389761
0.129,0.2742,11.53875038
0.1452,0.2742,12.06794723
0.1613,0.2742,12.46999344
0.1774,0.2742,12.76500295
0.1935,0.2742,12.96930279
0.2097,0.2742,13.0987349
0.2258,0.2742,13.16542065
0.2419,0.2742,13.1822333
0.2581,0.2742,13.15900273
0.2742,0.2742,13.10448367
0.2903,0.2742,13.02560026
0.3065,0.2742,12.927386
0.3226,0.2742,12.81569085
0.3387,0.2742,12.69367934
0.3548,0.2742,12.56433352
0.371,0.2742,12.42918748
0.3871,0.2742,12.29180745
0.4032,0.2742,12.15286222
0.4194,0.2742,12.01265664
0.4355,0.2742,11.87383719
0.4516,0.2742,11.73624162
0.4677,0.2742,11.60040689
0.4839,0.2742,11.46591417
0.5,0.2742,11.33472284
0.5161,0.2742,11.20620811
0.5323,0.2742,11.07974352
0.5484,0.2742,10.95698251
0.5645,0.2742,10.83718501
0.5806,0.2742,10.7203674
0.5968,0.2742,10.60582238
0.6129,0.2742,10.49493448
0.629,0.2742,10.38694267
0.6452,0.2742,10.28114634
0.6613,0.2742,10.17878649
0.6774,0.2742,10.07913047
0.6935,0.2742,9.982103295
0.7097,0.2742,9.887048363
0.7258,0.2742,9.795059791
0.7419,0.2742,9.705463551
0.7581,0.2742,9.617645458
0.7742,0.2742,9.532611057
0.7903,0.2742,9.449734278
0.8065,0.2742,9.368444437
0.8226,0.2742,9.289671448
0.8387,0.2742,9.212835949
0.8548,0.2742,9.137868972
0.871,0.2742,9.06425489
0.8871,0.2742,8.992837836
0.9032,0.2742,8.92309587
0.9194,0.2742,8.854551089
0.9355,0.2742,8.787992042
0.9516,0.2742,8.722935527
0.9677,0.2742,8.659328609
0.9839,0.2742,8.596738368
0.0161,0.2903,3.854516885
0.0323,0.2903,5.247385869
0.0484,0.2903,6.573985521
0.0645,0.2903,7.800669454
0.0806,0.2903,8.89748418
0.0968,0.2903,9.853140122
0.1129,0.2903,10.65107518
0.129,0.2903,11.30230413
0.1452,0.2903,11.82065694
0.1613,0.2903,12.21446462
0.1774,0.2903,12.50342895
0.1935,0.2903,12.70354238
0.2097,0.2903,12.83032223
0.2258,0.2903,12.89564149
0.2419,0.2903,12.91210963
0.2581,0.2903,12.88935508
0.2742,0.2903,12.83595321
0.2903,0.2903,12.75868623
0.3065,0.2903,12.66248453
0.3226,0.2903,12.55307818
0.3387,0.2903,12.43356687
0.3548,0.2903,12.30687153
0.371,0.2903,12.17449484
0.3871,0.2903,12.03992993
0.4032,0.2903,11.9038319
0.4194,0.2903,11.76649934
0.4355,0.2903,11.63052451
0.4516,0.2903,11.49574848
0.4677,0.2903,11.3626972
0.4839,0.2903,11.23096044
0.5,0.2903,11.10245742
0.5161,0.2903,10.97657615
0.5323,0.2903,10.85270301
0.5484,0.2903,10.73245755
0.5645,0.2903,10.61511488
0.5806,0.2903,10.50069104
0.5968,0.2903,10.38849321
0.6129,0.2903,10.27987757
0.629,0.2903,10.17409869
0.6452,0.2903,10.07047027
0.6613,0.2903,9.970207935
0.6774,0.2903,9.872594017
0.6935,0.2903,9.77755507
0.7097,0.2903,9.684447955
0.7258,0.2903,9.594344368
0.7419,0.2903,9.506584089
0.7581,0.2903,9.420565519
0.7742,0.2903,9.3372736
0.7903,0.2903,9.256095091
0.8065,0.2903,9.176471
0.8226,0.2903,9.099312187
0.8387,0.2903,9.024051162
0.8548,0.2903,8.950620371
0.871,0.2903,8.878514751
0.8871,0.2903,8.80856114
0.9032,0.2903,8.740248291
0.9194,0.2903,8.673108095
0.9355,0.2903,8.607912942
0.9516,0.2903,8.544189533
0.9677,0.2903,8.481886016
0.9839,0.2903,8.420578342
0.0161,0.3065,3.774615457
0.0323,0.3065,5.138611246
0.0484,0.3065,6.43771142
0.0645,0.3065,7.638967057
0.0806,0.3065,8.713045584
0.0968,0.3065,9.64889145
0.1129,0.3065,10.43028588
0.129,0.3065,11.06801531
0.1452,0.3065,11.57562303
0.1613,0.3065,11.96126735
0.1774,0.3065,12.24424165
0.1935,0.3065,12.44020687
0.2097,0.3065,12.56435867
0.2258,0.3065,12.6283239
0.2419,0.3065,12.64445066
0.2581,0.3065,12.62216781
0.2742,0.3065,12.56987291
0.2903,0.3065,12.49420763
0.3065,0.3065,12.40000012
0.3226,0.3065,12.29286169
0.3387,0.3065,12.17582776
0.3548,0.3065,12.05175873
0.371,0.3065,11.92212611
0.3871,0.3065,11.79035064
0.4032,0.3065,11.65707383
0.4194,0.3065,11.52258807
0.4355,0.3065,11.38943191
0.4516,0.3065,11.25744969
0.4677,0.3065,11.12715647
0.4839,0.3065,10.99815052
0.5,0.3065,10.87231127
0.5161,0.3065,10.74903944
0.5323,0.3065,10.6277341
0.5484,0.3065,10.50998125
0.5645,0.3065,10.39507101
0.5806,0.3065,10.28301909
0.5968,0.3065,10.17314705
0.6129,0.3065,10.06678293
0.629,0.3065,9.963196768
0.6452,0.3065,9.861716499
0.6613,0.3065,9.763532529
0.6774,0.3065,9.667942079
0.6935,0.3065,9.574873223
0.7097,0.3065,9.483696153
0.7258,0.3065,9.395460349
0.7419,0.3065,9.309519279
0.7581,0.3065,9.225283815
0.7742,0.3065,9.143718478
0.7903,0.3065,9.064222742
0.8065,0.3065,8.986249203
0.8226,0.3065,8.910689838
0.8387,0.3065,8.836988921
0.8548,0.3065,8.765080299
0.871,0.3065,8.694469378
0.8871,0.3065,8.625965856
0.9032,0.3065,8.559069084
0.9194,0.3065,8.493320657
0.9355,0.3065,8.429476954
0.9516,0.3065,8.367074486
0.9677,0.3065,8.306062477
0.9839,0.3065,8.246025669
0.0161,0.3226,3.696728468
0.0323,0.3226,5.032579
0.0484,0.3226,6.304872998
0.0645,0.3226,7.481341426
0.0806,0.3226,8.533256969
0.0968,0.3226,9.4497922
0.1129,0.3226,10.21506301
0.129,0.3226,10.83963326
0.1452,0.3226,11.33676679
0.1613,0.3226,11.71445358
0.1774,0.3226,11.99158886
0.1935,0.3226,12.18351045
0.2097,0.3226,12.30510045
0.2258,0.3226,12.3677458
0.2419,0.3226,12.3835398
0.2581,0.3226,12.36171673
0.2742,0.3226,12.31050091
0.2903,0.3226,12.23639694
0.3065,0.3226,12.14413335
0.3226,0.3226,12.03920566
0.3387,0.3226,11.92458665
0.3548,0.3226,11.80307772
0.371,0.3226,11.67611999
0.3871,0.3226,11.54706363
0.4032,0.3226,11.41653691
0.4194,0.3226,11.28482619
0.4355,0.3226,11.15441762
0.4516,0.3226,11.02515878
0.4677,0.3226,10.89755409
0.4839,0.3226,10.7712101
0.5,0.3226,10.64796747
0.5161,0.3226,10.52723928
0.5323,0.3226,10.408437
0.5484,0.3226,10.29311391
0.5645,0.3226,10.18057478
0.5806,0.3226,10.07083499
0.5968,0.3226,9.963230091
0.6129,0.3226,9.859060738
0.629,0.3226,9.757612012
0.6452,0.3226,9.658225729
0.6613,0.3226,9.562067728
0.6774,0.3226,9.468449731
0.6935,0.3226,9.377301297
0.7097,0.3226,9.288005613
0.7258,0.3226,9.201590503
0.7419,0.3226,9.117422777
0.7581,0.3226,9.034925462
0.7742,0.3226,8.955043179
0.7903,0.3226,8.877187791
0.8065,0.3226,8.80082319
0.8226,0.3226,8.726822948
0.8387,0.3226,8.654642808
0.8548,0.3226,8.584217978
0.871,0.3226,8.515064072
0.8871,0.3226,8.44797408
0.9032,0.3226,8.382457684
0.9194,0.3226,8.318065938
0.9355,0.3226,8.255539612
0.9516,0.3226,8.194424783
0.9677,0.3226,8.134671721
0.9839,0.3226,8.075873738
0.0161,0.3387,3.620566955
0.0323,0.3387,4.928895747
0.0484,0.3387,6.174977423
0.0645,0.3387,7.327207767
0.0806,0.3387,8.357451315
0.0968,0.3387,9.255103713
0.1129,0.3387,10.0046081
0.129,0.3387,10.6163107
0.1452,0.3387,11.10320208
0.1613,0.3387,11.47310761
0.1774,0.3387,11.74453324
0.1935,0.3387,11.93250078
0.2097,0.3387,12.05158574
0.2258,0.3387,12.11294044
0.2419,0.3387,12.12840904
0.2581,0.3387,12.10703558
0.2742,0.3387,12.05687494
0.2903,0.3387,11.98429768
0.3065,0.3387,11.89393494
0.3226,0.3387,11.79116901
0.3387,0.3387,11.67891144
0.3548,0.3387,11.55990588
0.371,0.3387,11.43556379
0.3871,0.3387,11.3091663
0.4032,0.3387,11.18132874
0.4194,0.3387,11.05233158
0.4355,0.3387,10.92460974
0.4516,0.3387,10.79801395
0.4677,0.3387,10.67303822
0.4839,0.3387,10.54929722
0.5,0.3387,10.42859369
0.5161,0.3387,10.31035278
0.5323,0.3387,10.19399812
0.5484,0.3387,10.08105097
0.5645,0.3387,9.970830407
0.5806,0.3387,9.863351523
0.5968,0.3387,9.757963546
0.6129,0.3387,9.655940333
0.629,0.3387,9.556581694
0.6452,0.3387,9.459243009
0.6613,0.3387,9.365066094
0.6774,0.3387,9.273376853
0.6935,0.3387,9.184106296
0.7097,0.3387,9.096650318
0.7258,0.3387,9.012015569
0.7419,0.3387,8.9295819
0.7581,0.3387,8.848784229
0.7742,0.3387,8.770547713
0.7903,0.3387,8.694296334
0.8065,0.3387,8.619505028
0.8226,0.3387,8.547029369
0.8387,0.3387,8.476336313
0.8548,0.3387,8.407362404
0.871,0.3387,8.339633236
0.8871,0.3387,8.273925459
0.9032,0.3387,8.209758859
0.9194,0.3387,8.146693738
0.9355,0.3387,8.085455605
0.9516,0.3387,8.025599889
0.9677,0.3387,7.967077884
0.9839,0.3387,7.909491281
0.0161,0.3548,3.546274665
0.0323,0.3548,4.827757181
0.0484,0.3548,6.048269862
0.0645,0.3548,7.176856994
0.0806,0.3548,8.185960441
0.0968,0.3548,9.065193444
0.1129,0.3548,9.79931836
0.129,0.3548,10.39846912
0.1452,0.3548,10.87536973
0.1613,0.3548,11.23768497
0.1774,0.3548,11.50354107
0.1935,0.3548,11.68765162
0.2097,0.3548,11.804293
0.2258,0.3548,11.86438873
0.2419,0.3548,11.87953993
0.2581,0.3548,11.85860505
0.2742,0.3548,11.80947367
0.2903,0.3548,11.73838567
0.3065,0.3548,11.64987713
0.3226,0.3548,11.54921991
0.3387,0.3548,11.4392658
0.3548,0.3548,11.32270218
0.371,0.3548,11.20091153
0.3871,0.3548,11.07710766
0.4032,0.3548,10.95189326
0.4194,0.3548,10.82554306
0.4355,0.3548,10.70044202
0.4516,0.3548,10.5764439
0.4677,0.3548,10.45403262
0.4839,0.3548,10.33283072
0.5,0.3548,10.21460397
0.5161,0.3548,10.09878931
0.5323,0.3548,9.98482219
0.5484,0.3548,9.874192657
0.5645,0.3548,9.766233771
0.5806,0.3548,9.660960302
0.5968,0.3548,9.557734835
0.6129,0.3548,9.457805089
0.629,0.3548,9.360485242
0.6452,0.3548,9.265143899
0.6613,0.3548,9.172899449
0.6774,0.3548,9.083091628
0.6935,0.3548,8.99565286
0.7097,0.3548,8.909991437
0.7258,0.3548,8.827093351
0.7419,0.3548,8.746351182
0.7581,0.3548,8.66721144
0.7742,0.3548,8.5905803
0.7903,0.3548,8.515893562
0.8065,0.3548,8.442636937
0.8226,0.3548,8.371648445
0.8387,0.3548,8.302405976
0.8548,0.3548,8.234847378
0.871,0.3548,8.16850798
0.8871,0.3548,8.104148495
0.9032,0.3548,8.041298563
0.9194,0.3548,7.979527507
0.9355,0.3548,7.919545952
0.9516,0.3548,7.860918446
0.9677,0.3548,7.803597284
0.9839,0.3548,7.74719233
0.0161,0.371,3.473501701
0.0323,0.371,4.728686963
0.0484,0.371,5.924153551
0.0645,0.371,7.02958099
0.0806,0.371,8.017976664
0.0968,0.371,8.879166961
0.1129,0.371,9.598226928
0.129,0.371,10.18508254
0.1452,0.371,10.65219669
0.1613,0.371,11.00707687
0.1774,0.371,11.26747735
0.1935,0.371,11.44780977
0.2097,0.371,11.56205756
0.2258,0.371,11.62092007
0.2419,0.371,11.63576035
0.2581,0.371,11.61525507
0.2742,0.371,11.56713192
0.2903,0.371,11.49750271
0.3065,0.371,11.41081045
0.3226,0.371,11.31221881
0.3387,0.371,11.20452107
0.3548,0.371,11.09034945
0.371,0.371,10.97105806
0.3871,0.371,10.84979476
0.4032,0.371,10.72714989
0.4194,0.371,10.60339251
0.4355,0.371,10.48085866
0.4516,0.371,10.35940511
0.4677,0.371,10.23950582
0.4839,0.371,10.1207911
0.5,0.371,10.00499048
0.5161,0.371,9.891552449
0.5323,0.371,9.779924041
0.5484,0.371,9.671564733
0.5645,0.371,9.565821267
0.5806,0.371,9.462708111
0.5968,0.371,9.36160093
0.6129,0.371,9.263721838
0.629,0.371,9.168399088
0.6452,0.371,9.075014241
0.6613,0.371,8.984662736
0.6774,0.371,8.896697858
0.6935,0.371,8.811053417
0.7097,0.371,8.727149848
0.7258,0.371,8.645952911
0.7419,0.371,8.566867649
0.7581,0.371,8.48935193
0.7742,0.371,8.414293335
0.7903,0.371,8.341139241
0.8065,0.371,8.269385912
0.8226,0.371,8.199854172
0.8387,0.371,8.132032625
0.8548,0.371,8.065860395
0.871,0.371,8.000882345
0.8871,0.371,7.937843578
0.9032,0.371,7.876283387
0.9194,0.371,7.815779933
0.9355,0.371,7.757029257
0.9516,0.371,7.699604843
0.9677,0.371,7.643459967
0.9839,0.371,7.588212497
0.0161,0.3871,3.403200333
0.0323,0.3871,4.632981479
0.0484,0.3871,5.804252617
0.0645,0.3871,6.887306939
0.0806,0.3871,7.855698141
0.0968,0.3871,8.699458518
0.1129,0.3871,9.403965189
0.129,0.3871,9.978943232
0.1452,0.3871,10.4366033
0.1613,0.3871,10.78430094
0.1774,0.3871,11.03943109
0.1935,0.3871,11.2161137
0.2097,0.3871,11.3280492
0.2258,0.3871,11.38572037
0.2419,0.3871,11.40026029
0.2581,0.3871,11.38017002
0.2742,0.3871,11.33302085
0.2903,0.3871,11.26480089
0.3065,0.3871,11.17986322
0.3226,0.3871,11.08326702
0.3387,0.3871,10.97774901
0.3548,0.3871,10.86588814
0.371,0.3871,10.74901113
0.3871,0.3871,10.63020212
0.4032,0.3871,10.5100395
0.4194,0.3871,10.38878689
0.4355,0.3871,10.26873304
0.4516,0.3871,10.14973763
0.4677,0.3871,10.03226502
0.4839,0.3871,9.915953012
0.5,0.3871,9.802496113
0.5161,0.3871,9.691353996
0.5323,0.3871,9.581984873
0.5484,0.3871,9.475818685
0.5645,0.3871,9.372215397
0.5806,0.3871,9.271189182
0.5968,0.3871,9.172128343
0.6129,0.3871,9.07623026
0.629,0.3871,8.982836778
0.6452,0.3871,8.891341979
0.6613,0.3871,8.802819128
0.6774,0.3871,8.716634601
0.6935,0.3871,8.632723547
0.7097,0.3871,8.550518131
0.7258,0.3871,8.470964565
0.7419,0.3871,8.393479936
0.7581,0.3871,8.317533084
0.7742,0.3871,8.243993625
0.7903,0.3871,8.172320121
0.8065,0.3871,8.102019033
0.8226,0.3871,8.033894568
0.8387,0.3871,7.967445685
0.8548,0.3871,7.902612737
0.871,0.3871,7.838949799
0.8871,0.3871,7.777186896
0.9032,0.3871,7.716872642
0.9194,0.3871,7.657593737
0.9355,0.3871,7.600032136
0.9516,0.3871,7.543769954
0.9677,0.3871,7.488761413
0.9839,0.3871,7.434632115
0.0161,0.4032,3.334938193
0.0323,0.4032,4.540052119
0.0484,0.4032,5.687829643
0.0645,0.4032,6.749159823
0.0806,0.4032,7.698126822
0.0968,0.4032,8.524962868
0.1129,0.4032,9.21533839
0.129,0.4032,9.778783397
0.1452,0.4032,10.22726362
0.1613,0.4032,10.56798707
0.1774,0.4032,10.81799976
0.1935,0.4032,10.99113843
0.2097,0.4032,11.1008287
0.2258,0.4032,11.15734309
0.2419,0.4032,11.17159137
0.2581,0.4032,11.15190407
0.2742,0.4032,11.10570063
0.2903,0.4032,11.03884904
0.3065,0.4032,10.95561507
0.3226,0.4032,10.86095641
0.3387,0.4032,10.75755491
0.3548,0.4032,10.64793777
0.371,0.4032,10.5334051
0.3871,0.4032,10.41697919
0.4032,0.4032,10.29922681
0.4194,0.4032,10.18040632
0.4355,0.4032,10.06276054
0.4516,0.4032,9.94615196
0.4677,0.4032,9.831035644
0.4839,0.4032,9.717056648
0.5,0.4032,9.605875492
0.5161,0.4032,9.496962688
0.5323,0.4032,9.389787315
0.5484,0.4032,9.285750632
0.5645,0.4032,9.184225441
0.5806,0.4032,9.085225633
0.5968,0.4032,8.988151778
0.6129,0.4032,8.894177239
0.629,0.4032,8.802657065
0.6452,0.4032,8.712997488
0.6613,0.4032,8.626250248
0.6774,0.4032,8.541794429
0.6935,0.4032,8.459566481
0.7097,0.4032,8.379009959
0.7258,0.4032,8.301052097
0.7419,0.4032,8.225121672
0.7581,0.4032,8.150698179
0.7742,0.4032,8.07863379
0.7903,0.4032,8.008397929
0.8065,0.4032,7.939506955
0.8226,0.4032,7.872748946
0.8387,0.4032,7.807632909
0.8548,0.4032,7.744100395
0.871,0.4032,7.681714422
0.8871,0.4032,7.621190372
0.9032,0.4032,7.562085915
0.9194,0.4032,7.50399604
0.9355,0.4032,7.447589021
0.9516,0.4032,7.392455359
0.9677,0.4032,7.338550192
0.9839,0.4032,7.285506631
0.0161,0.4194,3.26830997
0.0323,0.4194,4.449347107
0.0484,0.4194,5.574193358
0.0645,0.4194,6.614319384
0.0806,0.4194,7.544327116
0.0968,0.4194,8.35464393
0.1129,0.4194,9.031226544
0.129,0.4194,9.583414569
0.1452,0.4194,10.02293467
0.1613,0.4194,10.35685086
0.1774,0.4194,10.60186859
0.1935,0.4194,10.77154815
0.2097,0.4194,10.87904693
0.2258,0.4194,10.93443223
0.2419,0.4194,10.94839584
0.2581,0.4194,10.92910188
0.2742,0.4194,10.88382152
0.2903,0.4194,10.81830555
0.3065,0.4194,10.7367345
0.3226,0.4194,10.64396701
0.3387,0.4194,10.54263135
0.3548,0.4194,10.43520424
0.371,0.4194,10.3229598
0.3871,0.4194,10.20885994
0.4032,0.4194,10.09346013
0.4194,0.4194,9.977013527
0.4355,0.4194,9.861718175
0.4516,0.4194,9.747439301
0.4677,0.4194,9.634622877
0.4839,0.4194,9.52292105
0.5,0.4194,9.413961165
0.5161,0.4194,9.307224313
0.5323,0.4194,9.202190181
0.5484,0.4194,9.100232031
0.5645,0.4194,9.000735197
0.5806,0.4194,8.903713291
0.5968,0.4194,8.80857886
0.6129,0.4194,8.716481824
0.629,0.4194,8.626790117
0.6452,0.4194,8.538921835
0.6613,0.4194,8.453907705
0.6774,0.4194,8.371139216
0.6935,0.4194,8.290554088
0.7097,0.4194,8.211606993
0.7258,0.4194,8.135206639
0.7419,0.4194,8.060793216
0.7581,0.4194,7.987856618
0.7742,0.4194,7.917231993
0.7903,0.4194,7.848399364
0.8065,0.4194,7.780884752
0.8226,0.4194,7.715460491
0.8387,0.4194,7.651645397
0.8548,0.4194,7.589382189
0.871,0.4194,7.528242617
0.8871,0.4194,7.468927768
0.9032,0.4194,7.41100415
0.9194,0.4194,7.354074843
0.9355,0.4194,7.298794772
0.9516,0.4194,7.244762617
0.9677,0.4194,7.191934412
0.9839,0.4194,7.139950601
0.0161,0.4355,3.204120035
0.0323,0.4355,4.361961485
0.0484,0.4355,5.464715643
0.0645,0.4355,6.48441349
0.0806,0.4355,7.396155776
0.0968,0.4355,8.190557887
0.1129,0.4355,8.853852351
0.129,0.4355,9.395195348
0.1452,0.4355,9.826083231
0.1613,0.4355,10.15344127
0.1774,0.4355,10.39364683
0.1935,0.4355,10.55999386
0.2097,0.4355,10.66538136
0.2258,0.4355,10.71967888
0.2419,0.4355,10.73336825
0.2581,0.4355,10.71445322
0.2742,0.4355,10.67006218
0.2903,0.4355,10.60583295
0.3065,0.4355,10.52586396
0.3226,0.4355,10.43491844
0.3387,0.4355,10.33557302
0.3548,0.4355,10.23025578
0.371,0.4355,10.12021584
0.3871,0.4355,10.00835691
0.4032,0.4355,9.89522356
0.4194,0.4355,9.781063983
0.4355,0.4355,9.668033043
0.4516,0.4355,9.555998618
0.4677,0.4355,9.44539792
0.4839,0.4355,9.335889927
0.5,0.4355,9.229070026
0.5161,0.4355,9.124429497
0.5323,0.4355,9.021458245
0.5484,0.4355,8.921502563
0.5645,0.4355,8.823959857
0.5806,0.4355,8.728843471
0.5968,0.4355,8.635577489
0.6129,0.4355,8.545289248
0.629,0.4355,8.457359096
0.6452,0.4355,8.371216556
0.6613,0.4355,8.287872112
0.6774,0.4355,8.206729204
0.6935,0.4355,8.127726776
0.7097,0.4355,8.05033021
0.7258,0.4355,7.975430366
0.7419,0.4355,7.90247843
0.7581,0.4355,7.830974315
0.7742,0.4355,7.761736765
0.7903,0.4355,7.694256015
0.8065,0.4355,7.628067397
0.8226,0.4355,7.563928075
0.8387,0.4355,7.501366316
0.8548,0.4355,7.440325964
0.871,0.4355,7.380387178
0.8871,0.4355,7.322237279
0.9032,0.4355,7.265451287
0.9194,0.4355,7.209640077
0.9355,0.4355,7.155445712
0.9516,0.4355,7.102474754
0.9677,0.4355,7.050684101
0.9839,0.4355,6.999721257
0.0161,0.4516,3.141919352
0.0323,0.4516,4.27728395
0.0484,0.4516,5.358630652
0.0645,0.4516,6.35853339
0.0806,0.4516,7.252576279
0.0968,0.4516,8.031556885
0.1129,0.4516,8.681975
0.129,0.4516,9.212809057
0.1452,0.4516,9.635332234
0.1613,0.4516,9.956335364
0.1774,0.4516,10.19187788
0.1935,0.4516,10.35499566
0.2097,0.4516,10.4583373
0.2258,0.4516,10.51158076
0.2419,0.4516,10.52500438
0.2581,0.4516,10.50645655
0.2742,0.4516,10.46292726
0.2903,0.4516,10.39994489
0.3065,0.4516,10.32152832
0.3226,0.4516,10.23234829
0.3387,0.4516,10.13493144
0.3548,0.4516,10.0316587
0.371,0.4516,9.923754928
0.3871,0.4516,9.81406749
0.4032,0.4516,9.703130362
0.4194,0.4516,9.591186932
0.4355,0.4516,9.48035023
0.4516,0.4516,9.370490698
0.4677,0.4516,9.26203706
0.4839,0.4516,9.154654916
0.5,0.4516,9.049908679
0.5161,0.4516,8.947299507
0.5323,0.4516,8.846327208
0.5484,0.4516,8.748311938
0.5645,0.4516,8.6526628
0.5806,0.4516,8.559392882
0.5968,0.4516,8.467937447
0.6129,0.4516,8.379401946
0.629,0.4516,8.293178757
0.6452,0.4516,8.208708478
0.6613,0.4516,8.126981976
0.6774,0.4516,8.047414273
0.6935,0.4516,7.969945497
0.7097,0.4516,7.894051408
0.7258,0.4516,7.820605574
0.7419,0.4516,7.749069834
0.7581,0.4516,7.678953808
0.7742,0.4516,7.611060347
0.7903,0.4516,7.544889582
0.8065,0.4516,7.479985865
0.8226,0.4516,7.417091662
0.8387,0.4516,7.355744397
0.8548,0.4516,7.295889004
0.871,0.4516,7.237113793
0.8871,0.4516,7.180092741
0.9032,0.4516,7.124409119
0.9194,0.4516,7.069681358
0.9355,0.4516,7.016539053
0.9516,0.4516,6.964596405
0.9677,0.4516,6.913811149
0.9839,0.4516,6.863837632
0.0161,0.4677,3.081666701
0.0323,0.4677,4.19525839
0.0484,0.4677,5.255868084
0.0645,0.4677,6.236595668
0.0806,0.4677,7.113493478
0.0968,0.4677,7.877535557
0.1129,0.4677,8.515480591
0.129,0.4677,9.036134832
0.1452,0.4677,9.450555274
0.1613,0.4677,9.765402521
0.1774,0.4677,9.996428031
0.1935,0.4677,10.1564177
0.2097,0.4677,10.25777756
0.2258,0.4677,10.30999997
0.2419,0.4677,10.32316616
0.2581,0.4677,10.30497402
0.2742,0.4677,10.26227949
0.2903,0.4677,10.20050494
0.3065,0.4677,10.12359216
0.3226,0.4677,10.03612234
0.3387,0.4677,9.940573653
0.3548,0.4677,9.839281377
0.371,0.4677,9.73344688
0.3871,0.4677,9.62586292
0.4032,0.4677,9.517053236
0.4194,0.4677,9.407256548
0.4355,0.4677,9.298545363
0.4516,0.4677,9.190792609
0.4677,0.4677,9.084418789
0.4839,0.4677,8.979095915
0.5,0.4677,8.876358399
0.5161,0.4677,8.775716965
0.5323,0.4677,8.676681013
0.5484,0.4677,8.580545384
0.5645,0.4677,8.486730512
0.5806,0.4677,8.395249232
0.5968,0.4677,8.30554764
0.6129,0.4677,8.218709987
0.629,0.4677,8.134140301
0.6452,0.4677,8.051289911
0.6613,0.4677,7.97113068
0.6774,0.4677,7.893088848
0.6935,0.4677,7.817105692
0.7097,0.4677,7.742667026
0.7258,0.4677,7.670629664
0.7419,0.4677,7.600465766
0.7581,0.4677,7.531694356
0.7742,0.4677,7.465102889
0.7903,0.4677,7.400201083
0.8065,0.4677,7.336542026
0.8226,0.4677,7.274853946
0.8387,0.4677,7.214683139
0.8548,0.4677,7.155975594
0.871,0.4677,7.098327516
0.8871,0.4677,7.042399959
0.9032,0.4677,6.987784183
0.9194,0.4677,6.934105936
0.9355,0.4677,6.881982742
0.9516,0.4677,6.831036199
0.9677,0.4677,6.781224854
0.9839,0.4677,6.73220968
0.0161,0.4839,3.022957203
0.0323,0.4839,4.115333617
0.0484,0.4839,5.155737406
0.0645,0.4839,6.117780937
0.0806,0.4839,6.977972778
0.0968,0.4839,7.727458926
0.1129,0.4839,8.353250331
0.129,0.4839,8.863985476
0.1452,0.4839,9.270510705
0.1613,0.4839,9.579359729
0.1774,0.4839,9.805983922
0.1935,0.4839,9.962925597
0.2097,0.4839,10.06235442
0.2258,0.4839,10.11358193
0.2419,0.4839,10.12649729
0.2581,0.4839,10.10865173
0.2742,0.4839,10.06677059
0.2903,0.4839,10.00617292
0.3065,0.4839,9.930725423
0.3226,0.4839,9.844922009
0.3387,0.4839,9.751193638
0.3548,0.4839,9.651831103
0.371,0.4839,9.548012882
0.3871,0.4839,9.442478527
0.4032,0.4839,9.335741799
0.4194,0.4839,9.228036872
0.4355,0.4839,9.121396768
0.4516,0.4839,9.015696835
0.4677,0.4839,8.911349565
0.4839,0.4839,8.808033219
0.5,0.4839,8.707252978
0.5161,0.4839,8.608528886
0.5323,0.4839,8.511379689
0.5484,0.4839,8.417075561
0.5645,0.4839,8.325047976
0.5806,0.4839,8.235309526
0.5968,0.4839,8.147316858
0.6129,0.4839,8.062133568
0.629,0.4839,7.979175038
0.6452,0.4839,7.897903048
0.6613,0.4839,7.819270948
0.6774,0.4839,7.742715908
0.6935,0.4839,7.668180323
0.7097,0.4839,7.595159804
0.7258,0.4839,7.524494842
0.7419,0.4839,7.455667652
0.7581,0.4839,7.388206421
0.7742,0.4839,7.322883602
0.7903,0.4839,7.259218254
0.8065,0.4839,7.196771979
0.8226,0.4839,7.136259133
0.8387,0.4839,7.077234652
0.8548,0.4839,7.019645557
0.871,0.4839,6.963095746
0.8871,0.4839,6.908233676
0.9032,0.4839,6.854658397
0.9194,0.4839,6.802002787
0.9355,0.4839,6.750872603
0.9516,0.4839,6.700896654
0.9677,0.4839,6.652034274
0.9839,0.4839,6.603952899
0.0161,0.5,2.966462214
0.0323,0.5,4.038423587
0.0484,0.5,5.059383634
0.0645,0.5,6.00344787
0.0806,0.5,6.847563887
0.0968,0.5,7.583043151
0.1129,0.5,8.197139359
0.129,0.5,8.698329554
0.1452,0.5,9.097257375
0.1613,0.5,9.400334427
0.1774,0.5,9.62272332
0.1935,0.5,9.776731968
0.2097,0.5,9.874302602
0.2258,0.5,9.92457274
0.2419,0.5,9.937246731
0.2581,0.5,9.91973468
0.2742,0.5,9.878636235
0.2903,0.5,9.819171052
0.3065,0.5,9.745133571
0.3226,0.5,9.660933708
0.3387,0.5,9.568956993
0.3548,0.5,9.47145141
0.371,0.5,9.369573411
0.3871,0.5,9.266011351
0.4032,0.5,9.161269388
0.4194,0.5,9.05557732
0.4355,0.5,8.950930176
0.4516,0.5,8.847205632
0.4677,0.5,8.744808472
0.4839,0.5,8.643422969
0.5,0.5,8.544526175
0.5161,0.5,8.447647102
0.5323,0.5,8.352313493
0.5484,0.5,8.259771781
0.5645,0.5,8.169464068
0.5806,0.5,8.081402709
0.5968,0.5,7.995054505
0.6129,0.5,7.911463175
0.629,0.5,7.830055028
0.6452,0.5,7.750301902
0.6613,0.5,7.67313933
0.6774,0.5,7.598015
0.6935,0.5,7.524872385
0.7097,0.5,7.453216521
0.7258,0.5,7.383872191
0.7419,0.5,7.316331288
0.7581,0.5,7.250130817
0.7742,0.5,7.186028793
0.7903,0.5,7.123553264
0.8065,0.5,7.062274027
0.8226,0.5,7.002892083
0.8387,0.5,6.944970691
0.8548,0.5,6.888457858
0.871,0.5,6.832964886
0.8871,0.5,6.779128115
0.9032,0.5,6.726554085
0.9194,0.5,6.674882537
0.9355,0.5,6.624707907
0.9516,0.5,6.575665941
0.9677,0.5,6.527716734
0.9839,0.5,6.480533935
0.0161,0.5161,2.911757082
0.0323,0.5161,3.963950198
0.0484,0.5161,4.966082514
0.0645,0.5161,5.892737069
0.0806,0.5161,6.721286572
0.0968,0.5161,7.443202713
0.1129,0.5161,8.045974249
0.129,0.5161,8.537921893
0.1452,0.5161,8.929493005
0.1613,0.5161,9.226980952
0.1774,0.5161,9.445268727
0.1935,0.5161,9.596437269
0.2097,0.5161,9.692208584
0.2258,0.5161,9.74155168
0.2419,0.5161,9.753991947
0.2581,0.5161,9.736802839
0.2742,0.5161,9.6964623
0.2903,0.5161,9.638093726
0.3065,0.5161,9.565421586
0.3226,0.5161,9.482774468
0.3387,0.5161,9.392493915
0.3548,0.5161,9.296786452
0.371,0.5161,9.196787206
0.3871,0.5161,9.095134955
0.4032,0.5161,8.99232456
0.4194,0.5161,8.888581581
0.4355,0.5161,8.785864256
0.4516,0.5161,8.684052517
0.4677,0.5161,8.583543684
0.4839,0.5161,8.484027852
0.5,0.5161,8.386954833
0.5161,0.5161,8.291862328
0.5323,0.5161,8.198286785
0.5484,0.5161,8.107451654
0.5645,0.5161,8.018809323
0.5806,0.5161,7.932371921
0.5968,0.5161,7.847616082
0.6129,0.5161,7.765566277
0.629,0.5161,7.685659394
0.6452,0.5161,7.607377012
0.6613,0.5161,7.53163741
0.6774,0.5161,7.457898463
0.6935,0.5161,7.386104686
0.7097,0.5161,7.315770242
0.7258,0.5161,7.247704706
0.7419,0.5161,7.181409338
0.7581,0.5161,7.116429683
0.7742,0.5161,7.053509778
0.7903,0.5161,6.992186373
0.8065,0.5161,6.932037198
0.8226,0.5161,6.873750329
0.8387,0.5161,6.816897077
0.8548,0.5161,6.761426409
0.871,0.5161,6.706956794
0.8871,0.5161,6.654112837
0.9032,0.5161,6.602508336
0.9194,0.5161,6.551789674
0.9355,0.5161,6.502540324
0.9516,0.5161,6.454402751
0.9677,0.5161,6.407337785
0.9839,0.5161,6.361025093
0.0161,0.5323,2.858459762
0.0323,0.5323,3.891393347
0.0484,0.5323,4.875182455
0.0645,0.5323,5.78487536
0.0806,0.5323,6.598258945
0.0968,0.5323,7.306961005
0.1129,0.5323,7.898699302
0.129,0.5323,8.38164225
0.1452,0.5323,8.766045974
0.1613,0.5323,9.058088649
0.1774,0.5323,9.272380845
0.1935,0.5323,9.420782372
0.2097,0.5323,9.514800671
0.2258,0.5323,9.563240582
0.2419,0.5323,9.57545314
0.2581,0.5323,9.558578665
0.2742,0.5323,9.518976526
0.2903,0.5323,9.461676341
0.3065,0.5323,9.390334404
0.3226,0.5323,9.309200075
0.3387,0.5323,9.220572033
0.3548,0.5323,9.126616416
0.371,0.5323,9.028447574
0.3871,0.5323,8.928655984
0.4032,0.5323,8.827727449
0.4194,0.5323,8.7258834
0.4355,0.5323,8.625046231
0.4516,0.5323,8.525098073
0.4677,0.5323,8.426428971
0.4839,0.5323,8.328734695
0.5,0.5323,8.233438518
0.5161,0.5323,8.140086602
0.5323,0.5323,8.048223883
0.5484,0.5323,7.959051414
0.5645,0.5323,7.872031609
0.5806,0.5323,7.787176372
0.5968,0.5323,7.703971919
0.6129,0.5323,7.623423968
0.629,0.5323,7.544979715
0.6452,0.5323,7.468130227
0.6613,0.5323,7.393776977
0.6774,0.5323,7.321387761
0.6935,0.5323,7.25090811
0.7097,0.5323,7.18186108
0.7258,0.5323,7.115041427
0.7419,0.5323,7.049959542
0.7581,0.5323,6.986169286
0.7742,0.5323,6.924401078
0.7903,0.5323,6.864200148
0.8065,0.5323,6.805151954
0.8226,0.5323,6.747931978
0.8387,0.5323,6.692119378
0.8548,0.5323,6.637664055
0.871,0.5323,6.584191462
0.8871,0.5323,6.53231477
0.9032,0.5323,6.481654847
0.9194,0.5323,6.431864548
0.9355,0.5323,6.383516668
0.9516,0.5323,6.336260213
0.9677,0.5323,6.290056732
0.9839,0.5323,6.244591757
0.0161,0.5484,2.807168738
0.0323,0.5484,3.821567788
0.0484,0.5484,4.787704189
0.0645,0.5484,5.68107394
0.0806,0.5484,6.479862505
0.0968,0.5484,7.175847907
0.1129,0.5484,7.756968297
0.129,0.5484,8.231245515
0.1452,0.5484,8.608751657
0.1613,0.5484,8.895554038
0.1774,0.5484,9.106001063
0.1935,0.5484,9.251739734
0.2097,0.5484,9.344071008
0.2258,0.5484,9.391641734
0.2419,0.5484,9.403635155
0.2581,0.5484,9.387063468
0.2742,0.5484,9.348171933
0.2903,0.5484,9.29189992
0.3065,0.5484,9.221838113
0.3226,0.5484,9.142159624
0.3387,0.5484,9.055121887
0.3548,0.5484,8.962852172
0.371,0.5484,8.866444831
0.3871,0.5484,8.76844386
0.4032,0.5484,8.669326345
0.4194,0.5484,8.569309744
0.4355,0.5484,8.470281955
0.4516,0.5484,8.372127226
0.4677,0.5484,8.275228602
0.4839,0.5484,8.179287311
0.5,0.5484,8.085701089
0.5161,0.5484,7.994024242
0.5323,0.5484,7.90380987
0.5484,0.5484,7.816237475
0.5645,0.5484,7.730779117
0.5806,0.5484,7.647446488
0.5968,0.5484,7.565735022
0.6129,0.5484,7.48663239
0.629,0.5484,7.409595708
0.6452,0.5484,7.334125176
0.6613,0.5484,7.261106089
0.6774,0.5484,7.190015796
0.6935,0.5484,7.120800803
0.7097,0.5484,7.052992724
0.7258,0.5484,6.987372056
0.7419,0.5484,6.923457973
0.7581,0.5484,6.860812343
0.7742,0.5484,6.800152478
0.7903,0.5484,6.741031769
0.8065,0.5484,6.683043111
0.8226,0.5484,6.626849867
0.8387,0.5484,6.572038745
0.8548,0.5484,6.518560546
0.871,0.5484,6.466047443
0.8871,0.5484,6.415101606
0.9032,0.5484,6.365350703
0.9194,0.5484,6.316453821
0.9355,0.5484,6.268973475
0.9516,0.5484,6.222564971
0.9677,0.5484,6.177190546
0.9839,0.5484,6.132541375
0.0161,0.5645,2.757490385
0.0323,0.5645,3.753937656
0.0484,0.5645,4.70297638
0.0645,0.5645,5.580536202
0.0806,0.5645,6.365188637
0.0968,0.5645,7.048857213
0.1129,0.5645,7.619693539
0.129,0.5645,8.085577492
0.1452,0.5645,8.456402923
0.1613,0.5645,8.738129774
0.1774,0.5645,8.944852527
0.1935,0.5645,9.088012066
0.2097,0.5645,9.178709357
0.2258,0.5645,9.225438225
0.2419,0.5645,9.237219399
0.2581,0.5645,9.220940981
0.2742,0.5645,9.182737708
0.2903,0.5645,9.127461538
0.3065,0.5645,9.058639613
0.3226,0.5645,8.980371191
0.3387,0.5645,8.894873757
0.3548,0.5645,8.804236935
0.371,0.5645,8.709535711
0.3871,0.5645,8.613269059
0.4032,0.5645,8.515905623
0.4194,0.5645,8.417659012
0.4355,0.5645,8.320383714
0.4516,0.5645,8.223966025
0.4677,0.5645,8.128782212
0.4839,0.5645,8.03453879
0.5,0.5645,7.94260876
0.5161,0.5645,7.852554315
0.5323,0.5645,7.763936462
0.5484,0.5645,7.677913833
0.5645,0.5645,7.593967828
0.5806,0.5645,7.512109933
0.5968,0.5645,7.431844511
0.6129,0.5645,7.354141756
0.629,0.5645,7.278468389
0.6452,0.5645,7.204333456
0.6613,0.5645,7.132606585
0.6774,0.5645,7.062774373
0.6935,0.5645,6.994784275
0.7097,0.5645,6.928176194
0.7258,0.5645,6.863716812
0.7419,0.5645,6.800933814
0.7581,0.5645,6.739396821
0.7742,0.5645,6.679810452
0.7903,0.5645,6.621735999
0.8065,0.5645,6.564773564
0.8226,0.5645,6.50957477
0.8387,0.5645,6.455733638
0.8548,0.5645,6.403201841
0.871,0.5645,6.35161806
0.8871,0.5645,6.301573809
0.9032,0.5645,6.252703346
0.9194,0.5645,6.20467179
0.9355,0.5645,6.158031702
0.9516,0.5645,6.112444487
0.9677,0.5645,6.067873052
0.9839,0.5645,6.024014036
0.0161,0.5806,2.709365869
0.0323,0.5806,3.688422856
0.0484,0.5806,4.620898683
0.0645,0.5806,5.483143079
0.0806,0.5806,6.254101534
0.0968,0.5806,6.92583853
0.1129,0.5806,7.486712455
0.129,0.5806,7.944465668
0.1452,0.5806,8.308819347
0.1613,0.5806,8.58562942
0.1774,0.5806,8.788744387
0.1935,0.5806,8.929405465
0.2097,0.5806,9.018519881
0.2258,0.5806,9.064433224
0.2419,0.5806,9.076008789
0.2581,0.5806,9.060014467
0.2742,0.5806,9.022477928
0.2903,0.5806,8.968166454
0.3065,0.5806,8.900545628
0.3226,0.5806,8.82364317
0.3387,0.5806,8.739637862
0.3548,0.5806,8.65058286
0.371,0.5806,8.557534389
0.3871,0.5806,8.46294781
0.4032,0.5806,8.367283589
0.4194,0.5806,8.270751605
0.4355,0.5806,8.175173984
0.4516,0.5806,8.080439004
0.4677,0.5806,7.986916367
0.4839,0.5806,7.894317708
0.5,0.5806,7.803992068
0.5161,0.5806,7.715509278
0.5323,0.5806,7.62843801
0.5484,0.5806,7.543916672
0.5645,0.5806,7.461435717
0.5806,0.5806,7.38100643
0.5968,0.5806,7.302141823
0.6129,0.5806,7.225795158
0.629,0.5806,7.151442465
0.6452,0.5806,7.078601356
0.6613,0.5806,7.008126283
0.6774,0.5806,6.939512803
0.6935,0.5806,6.872709288
0.7097,0.5806,6.80726367
0.7258,0.5806,6.743929252
0.7419,0.5806,6.682241961
0.7581,0.5806,6.621778929
0.7742,0.5806,6.563232478
0.7903,0.5806,6.506171557
0.8065,0.5806,6.450203248
0.8226,0.5806,6.395967799
0.8387,0.5806,6.343066318
0.8548,0.5806,6.29145132
0.871,0.5806,6.240767795
0.8871,0.5806,6.19159693
0.9032,0.5806,6.143579369
0.9194,0.5806,6.096386073
0.9355,0.5806,6.050559961
0.9516,0.5806,6.005768348
0.9677,0.5806,5.961974786
0.9839,0.5806,5.91888121
0.0161,0.5968,2.66245222
0.0323,0.5968,3.624556482
0.0484,0.5968,4.540886153
0.0645,0.5968,5.388200476
0.0806,0.5968,6.145809507
0.0968,0.5968,6.805915134
0.1129,0.5968,7.357077324
0.129,0.5968,7.806904375
0.1452,0.5968,8.164949138
0.1613,0.5968,8.436966145
0.1774,0.5968,8.636564103
0.1935,0.5968,8.774789584
0.2097,0.5968,8.862360951
0.2258,0.5968,8.907479288
0.2419,0.5968,8.918854418
0.2581,0.5968,8.903137043
0.2742,0.5968,8.866250464
0.2903,0.5968,8.812879412
0.3065,0.5968,8.746429465
0.3226,0.5968,8.670858601
0.3387,0.5968,8.588307875
0.3548,0.5968,8.500794892
0.371,0.5968,8.409357589
0.3871,0.5968,8.316408811
0.4032,0.5968,8.222401051
0.4194,0.5968,8.127540553
0.4355,0.5968,8.033617893
0.4516,0.5968,7.940523283
0.4677,0.5968,7.848620024
0.4839,0.5968,7.757624745
0.5,0.5968,7.668863126
0.5161,0.5968,7.581912447
0.5323,0.5968,7.49634885
0.5484,0.5968,7.413291029
0.5645,0.5968,7.332238262
0.5806,0.5968,7.253201637
0.5968,0.5968,7.175702599
0.6129,0.5968,7.100677905
0.629,0.5968,7.027612655
0.6452,0.5968,6.956032816
0.6613,0.5968,6.886778045
0.6774,0.5968,6.819352632
0.6935,0.5968,6.753705844
0.7097,0.5968,6.68939344
0.7258,0.5968,6.62715568
0.7419,0.5968,6.566536527
0.7581,0.5968,6.507120435
0.7742,0.5968,6.449587737
0.7903,0.5968,6.393514846
0.8065,0.5968,6.338515648
0.8226,0.5968,6.285219306
0.8387,0.5968,6.233233833
0.8548,0.5968,6.182512568
0.871,0.5968,6.132706646
0.8871,0.5968,6.084387193
0.9032,0.5968,6.037201073
0.9194,0.5968,5.990824946
0.9355,0.5968,5.94579233
0.9516,0.5968,5.901776299
0.9677,0.5968,5.858741039
0.9839,0.5968,5.816393643
0.0161,0.6129,2.617271678
0.0323,0.6129,3.56304949
0.0484,0.6129,4.463829484
0.0645,0.6129,5.296765287
0.0806,0.6129,6.041518055
0.0968,0.6129,6.690422005
0.1129,0.6129,7.232231236
0.129,0.6129,7.674424936
0.1452,0.6129,8.026393852
0.1613,0.6129,8.293794859
0.1774,0.6129,8.490005736
0.1935,0.6129,8.625885596
0.2097,0.6129,8.711970919
0.2258,0.6129,8.756323619
0.2419,0.6129,8.767505719
0.2581,0.6129,8.75205506
0.2742,0.6129,8.715794428
0.2903,0.6129,8.663329058
0.3065,0.6129,8.598006735
0.3226,0.6129,8.523718272
0.3387,0.6129,8.442568392
0.3548,0.6129,8.356540463
0.371,0.6129,8.266654808
0.3871,0.6129,8.175283326
0.4032,0.6129,8.082870832
0.4194,0.6129,7.989620072
0.4355,0.6129,7.897291235
0.4516,0.6129,7.805776396
0.4677,0.6129,7.715432692
0.4839,0.6129,7.625981559
0.5,0.6129,7.538726181
0.5161,0.6129,7.453251015
0.5323,0.6129,7.369139391
0.5484,0.6129,7.287491022
0.5645,0.6129,7.207813681
0.5806,0.6129,7.13011827
0.5968,0.6129,7.053934354
0.6129,0.6129,6.980182792
0.629,0.6129,6.908357425
0.6452,0.6129,6.837992262
0.6613,0.6129,6.769912711
0.6774,0.6129,6.703631475
0.6935,0.6129,6.639098682
0.7097,0.6129,6.575877629
0.7258,0.6129,6.514696014
0.7419,0.6129,6.455105539
0.7581,0.6129,6.396697709
0.7742,0.6129,6.340141314
0.7903,0.6129,6.285019953
0.8065,0.6129,6.230954065
0.8226,0.6129,6.178562136
0.8387,0.6129,6.127458832
0.8548,0.6129,6.077598283
0.871,0.6129,6.028637543
0.8871,0.6129,5.981138048
0.9032,0.6129,5.934752654
0.9194,0.6129,5.889163508
0.9355,0.6129,5.844895074
0.9516,0.6129,5.801625974
0.9677,0.6129,5.759321002
0.9839,0.6129,5.717692222
0.0161,0.629,2.573474919
0.0323,0.629,3.503426325
0.0484,0.629,4.389132896
0.0645,0.629,5.208130563
0.0806,0.629,5.940420827
0.0968,0.629,6.578466183
0.1129,0.629,7.111208917
0.129,0.629,7.54600306
0.1452,0.629,7.892082217
0.1613,0.629,8.155008604
0.1774,0.629,8.347936137
0.1935,0.629,8.481542219
0.2097,0.629,8.566187012
0.2258,0.629,8.609797525
0.2419,0.629,8.620792506
0.2581,0.629,8.605600395
0.2742,0.629,8.569946539
0.2903,0.629,8.518359111
0.3065,0.629,8.454129876
0.3226,0.629,8.381084537
0.3387,0.629,8.301292599
0.3548,0.629,8.216704239
0.371,0.629,8.128322707
0.3871,0.629,8.038480213
0.4032,0.629,7.947614126
0.4194,0.629,7.855923801
0.4355,0.629,7.765139971
0.4516,0.629,7.675156518
0.4677,0.629,7.586324602
0.4839,0.629,7.498370322
0.5,0.629,7.412575053
0.5161,0.629,7.328530207
0.5323,0.629,7.245826085
0.5484,0.629,7.165543999
0.5645,0.629,7.087199959
0.5806,0.629,7.010804683
0.5968,0.629,6.935895609
0.6129,0.629,6.863378188
0.629,0.629,6.792754728
0.6452,0.629,6.723567037
0.6613,0.629,6.656626712
0.6774,0.629,6.59145461
0.6935,0.629,6.528001692
0.7097,0.629,6.465838564
0.7258,0.629,6.405680746
0.7419,0.629,6.347087443
0.7581,0.629,6.289656995
0.7742,0.629,6.234047
0.7903,0.629,6.179848027
0.8065,0.629,6.126686864
0.8226,0.629,6.075171648
0.8387,0.629,6.024923493
0.8548,0.629,5.975897298
0.871,0.629,5.927755855
0.8871,0.629,5.881051204
0.9032,0.629,5.835442012
0.9194,0.629,5.790615743
0.9355,0.629,5.747088085
0.9516,0.629,5.70454304
0.9677,0.629,5.662945988
0.9839,0.629,5.622013813
0.0161,0.6452,2.530748741
0.0323,0.6452,3.445260607
0.0484,0.6452,4.316262214
0.0645,0.6452,5.121662453
0.0806,0.6452,5.841794851
0.0968,0.6452,6.469247043
0.1129,0.6452,6.993144904
0.129,0.6452,7.420720367
0.1452,0.6452,7.761053736
0.1613,0.6452,8.019614882
0.1774,0.6452,8.209339331
0.1935,0.6452,8.340727214
0.2097,0.6452,8.42396669
0.2258,0.6452,8.466853159
0.2419,0.6452,8.477665596
0.2581,0.6452,8.462725712
0.2742,0.6452,8.4276638
0.2903,0.6452,8.376932853
0.3065,0.6452,8.313769985
0.3226,0.6452,8.241937383
0.3387,0.6452,8.163470193
0.3548,0.6452,8.080286214
0.371,0.6452,7.993372038
0.3871,0.6452,7.905021156
0.4032,0.6452,7.815663675
0.4194,0.6452,7.725495641
0.4355,0.6452,7.636219051
0.4516,0.6452,7.547729551
0.4677,0.6452,7.460372469
0.4839,0.6452,7.373878452
0.5,0.6452,7.289507602
0.5161,0.6452,7.206858111
0.5323,0.6452,7.125527087
0.5484,0.6452,7.046577886
0.5645,0.6452,6.969534555
0.5806,0.6452,6.894407633
0.5968,0.6452,6.820742239
0.6129,0.6452,6.74942879
0.629,0.6452,6.679977858
0.6452,0.6452,6.611938857
0.6613,0.6452,6.546109911
0.6774,0.6452,6.48201983
0.6935,0.6452,6.41962039
0.7097,0.6452,6.358489327
0.7258,0.6452,6.299330281
0.7419,0.6452,6.241709774
0.7581,0.6452,6.185232817
0.7742,0.6452,6.130546088
0.7903,0.6452,6.077246954
0.8065,0.6452,6.024968401
0.8226,0.6452,5.974308467
0.8387,0.6452,5.924894559
0.8548,0.6452,5.876682322
0.871,0.6452,5.829340149
0.8871,0.6452,5.783410913
0.9032,0.6452,5.738558948
0.9194,0.6452,5.694476908
0.9355,0.6452,5.65167192
0.9516,0.6452,5.60983323
0.9677,0.6452,5.568926794
0.9839,0.6452,5.528674196
0.0161,0.6613,2.489568656
0.0323,0.6613,3.389199679
0.0484,0.6613,4.246028437
0.0645,0.6613,5.038323285
0.0806,0.6613,5.746737762
0.0968,0.6613,6.363980118
0.1129,0.6613,6.879353165
0.129,0.6613,7.299971164
0.1452,0.6613,7.634766664
0.1613,0.6613,7.889120529
0.1774,0.6613,8.075757802
0.1935,0.6613,8.205007755
0.2097,0.6613,8.286892766
0.2258,0.6613,8.329081391
0.2419,0.6613,8.339717889
0.2581,0.6613,8.325021105
0.2742,0.6613,8.290529717
0.2903,0.6613,8.240624259
0.3065,0.6613,8.178489171
0.3226,0.6613,8.107825422
0.3387,0.6613,8.030635041
0.3548,0.6613,7.948804623
0.371,0.6613,7.863304706
0.3871,0.6613,7.776391461
0.4032,0.6613,7.688487996
0.4194,0.6613,7.599787166
0.4355,0.6613,7.511963276
0.4516,0.6613,7.424913668
0.4677,0.6613,7.338978052
0.4839,0.6613,7.253891456
0.5,0.6613,7.17089348
0.5161,0.6613,7.089588854
0.5323,0.6613,7.009581239
0.5484,0.6613,6.931916692
0.5645,0.6613,6.856127001
0.5806,0.6613,6.782222537
0.5968,0.6613,6.709755819
0.6129,0.6613,6.639602775
0.629,0.6613,6.571281941
0.6452,0.6613,6.504350065
0.6613,0.6613,6.43959228
0.6774,0.6613,6.376545066
0.6935,0.6613,6.315160984
0.7097,0.6613,6.255024639
0.7258,0.6613,6.196828223
0.7419,0.6613,6.140145312
0.7581,0.6613,6.084587342
0.7742,0.6613,6.03079047
0.7903,0.6613,5.978358614
0.8065,0.6613,5.926930732
0.8226,0.6613,5.877095131
0.8387,0.6613,5.828485281
0.8548,0.6613,5.781057549
0.871,0.6613,5.734485722
0.8871,0.6613,5.689303843
0.9032,0.6613,5.645181704
0.9194,0.6613,5.601816963
0.9355,0.6613,5.559708493
0.9516,0.6613,5.518550597
0.9677,0.6613,5.478309787
0.9839,0.6613,5.438712176
0.0161,0.6774,2.449616991
0.0323,0.6774,3.334811071
0.0484,0.6774,4.177889762
0.0645,0.6774,4.957470159
0.0806,0.6774,5.654516266
0.0968,0.6774,6.261853347
0.1129,0.6774,6.768955881
0.129,0.6774,7.182823959
0.1452,0.6774,7.512246786
0.1613,0.6774,7.762518876
0.1774,0.6774,7.946161063
0.1935,0.6774,8.073336861
0.2097,0.6774,8.153907813
0.2258,0.6774,8.19541941
0.2419,0.6774,8.205885218
0.2581,0.6774,8.191424283
0.2742,0.6774,8.157486399
0.2903,0.6774,8.108381805
0.3065,0.6774,8.047243838
0.3226,0.6774,7.977714074
0.3387,0.6774,7.901762416
0.3548,0.6774,7.821245182
0.371,0.6774,7.737117336
0.3871,0.6774,7.651598841
0.4032,0.6774,7.565106018
0.4194,0.6774,7.477828626
0.4355,0.6774,7.391414101
0.4516,0.6774,7.305761433
0.4677,0.6774,7.221204879
0.4839,0.6774,7.137483721
0.5,0.6774,7.055817665
0.5161,0.6774,6.975817785
0.5323,0.6774,6.897094103
0.5484,0.6774,6.820675887
0.5645,0.6774,6.746102442
0.5806,0.6774,6.673383969
0.5968,0.6774,6.602080169
0.6129,0.6774,6.533052915
0.629,0.6774,6.465828468
0.6452,0.6774,6.399970689
0.6613,0.6774,6.336252113
0.6774,0.6774,6.274216658
0.6935,0.6774,6.213817644
0.7097,0.6774,6.154646345
0.7258,0.6774,6.097383843
0.7419,0.6774,6.041610558
0.7581,0.6774,5.986944161
0.7742,0.6774,5.934010602
0.7903,0.6774,5.882420153
0.8065,0.6774,5.831817566
0.8226,0.6774,5.782781708
0.8387,0.6774,5.734951931
0.8548,0.6774,5.688285301
0.871,0.6774,5.642460842
0.8871,0.6774,5.598004024
0.9032,0.6774,5.554589941
0.9194,0.6774,5.511921101
0.9355,0.6774,5.470488372
0.9516,0.6774,5.429990963
0.9677,0.6774,5.390395922
0.9839,0.6774,5.351433758
0.0161,0.6935,2.41084576
0.0323,0.6935,3.282029461
0.0484,0.6935,4.111764352
0.0645,0.6935,4.879005967
0.0806,0.6935,5.5650196
0.0968,0.6935,6.162744074
0.1129,0.6935,6.661820459
0.129,0.6935,7.069138055
0.1452,0.6935,7.393346953
0.1613,0.6935,7.639657869
0.1774,0.6935,7.820393466
0.1935,0.6935,7.945556394
0.2097,0.6935,8.024852112
0.2258,0.6935,8.065706685
0.2419,0.6935,8.076006846
0.2581,0.6935,8.061774791
0.2742,0.6935,8.028374058
0.2903,0.6935,7.980046665
0.3065,0.6935,7.919876357
0.3226,0.6935,7.851447073
0.3387,0.6935,7.776697537
0.3548,0.6935,7.697454687
0.371,0.6935,7.614658371
0.3871,0.6935,7.530493418
0.4032,0.6935,7.445369557
0.4194,0.6935,7.359473545
0.4355,0.6935,7.274426744
0.4516,0.6935,7.19012974
0.4677,0.6935,7.106911502
0.4839,0.6935,7.024515438
0.5,0.6935,6.944141949
0.5161,0.6935,6.865408264
0.5323,0.6935,6.787930579
0.5484,0.6935,6.712721869
0.5645,0.6935,6.639328732
0.5806,0.6935,6.567761209
0.5968,0.6935,6.497585968
0.6129,0.6935,6.42965124
0.629,0.6935,6.363490786
0.6452,0.6935,6.298675369
0.6613,0.6935,6.235965296
0.6774,0.6935,6.174911705
0.6935,0.6935,6.115468655
0.7097,0.6935,6.057233887
0.7258,0.6935,6.000877706
0.7419,0.6935,5.94598717
0.7581,0.6935,5.892186004
0.7742,0.6935,5.840090249
0.7903,0.6935,5.789316346
0.8065,0.6935,5.739514669
0.8226,0.6935,5.691254926
0.8387,0.6935,5.644182173
0.8548,0.6935,5.598254157
0.871,0.6935,5.553154983
0.8871,0.6935,5.509401804
0.9032,0.6935,5.466674856
0.9194,0.6935,5.424681355
0.9355,0.6935,5.383904401
0.9516,0.6935,5.344047964
0.9677,0.6935,5.305079612
0.9839,0.6935,5.266734121
0.0161,0.7097,2.372978543
0.0323,0.7097,3.230478539
0.0484,0.7097,4.047180763
0.0645,0.7097,4.802371294
0.0806,0.7097,5.477609693
0.0968,0.7097,6.065945693
0.1129,0.7097,6.557183072
0.129,0.7097,6.95810292
0.1452,0.7097,7.27721946
0.1613,0.7097,7.519661565
0.1774,0.7097,7.697558343
0.1935,0.7097,7.820755334
0.2097,0.7097,7.898805551
0.2258,0.7097,7.939018421
0.2419,0.7097,7.949156796
0.2581,0.7097,7.935148285
0.2742,0.7097,7.902272179
0.2903,0.7097,7.854703865
0.3065,0.7097,7.795478653
0.3226,0.7097,7.72812419
0.3387,0.7097,7.654548747
0.3548,0.7097,7.576550566
0.371,0.7097,7.495054735
0.3871,0.7097,7.412211763
0.4032,0.7097,7.328424945
0.4194,0.7097,7.243878104
0.4355,0.7097,7.160167134
0.4516,0.7097,7.077194185
0.4677,0.7097,6.995283058
0.4839,0.7097,6.914181192
0.5,0.7097,6.835070131
0.5161,0.7097,6.757573118
0.5323,0.7097,6.681312377
0.5484,0.7097,6.607284973
0.5645,0.7097,6.535044624
0.5806,0.7097,6.464601213
0.5968,0.7097,6.395528216
0.6129,0.7097,6.328660541
0.629,0.7097,6.263539271
0.6452,0.7097,6.199741911
0.6613,0.7097,6.138016828
0.6774,0.7097,6.077922207
0.6935,0.7097,6.01941283
0.7097,0.7097,5.962092758
0.7258,0.7097,5.906621764
0.7419,0.7097,5.852593396
0.7581,0.7097,5.799637286
0.7742,0.7097,5.748359799
0.7903,0.7097,5.698383404
0.8065,0.7097,5.649363964
0.8226,0.7097,5.601862237
0.8387,0.7097,5.555528857
0.8548,0.7097,5.510322234
0.871,0.7097,5.465931434
0.8871,0.7097,5.422865487
0.9032,0.7097,5.380809652
0.9194,0.7097,5.339475745
0.9355,0.7097,5.299339275
0.9516,0.7097,5.260108864
0.9677,0.7097,5.221752589
0.9839,0.7097,5.184009391
0.0161,0.7258,2.336438374
0.0323,0.7258,3.180734208
0.0484,0.7258,3.98486049
0.0645,0.7258,4.728422265
0.0806,0.7258,5.393263046
0.0968,0.7258,5.972539589
0.1129,0.7258,6.456212679
0.129,0.7258,6.850958986
0.1452,0.7258,7.165161629
0.1613,0.7258,7.403870504
0.1774,0.7258,7.579027949
0.1935,0.7258,7.700327898
0.2097,0.7258,7.777176264
0.2258,0.7258,7.816769918
0.2419,0.7258,7.826752178
0.2581,0.7258,7.812959376
0.2742,0.7258,7.78058951
0.2903,0.7258,7.733753675
0.3065,0.7258,7.675440439
0.3226,0.7258,7.609123129
0.3387,0.7258,7.536680634
0.3548,0.7258,7.459883503
0.371,0.7258,7.37964258
0.3871,0.7258,7.298075261
0.4032,0.7258,7.215578629
0.4194,0.7258,7.132333677
0.4355,0.7258,7.049911726
0.4516,0.7258,6.968216432
0.4677,0.7258,6.887566608
0.4839,0.7258,6.807713584
0.5,0.7258,6.72982071
0.5161,0.7258,6.653517031
0.5323,0.7258,6.578430586
0.5484,0.7258,6.505543088
0.5645,0.7258,6.434415128
0.5806,0.7258,6.365056436
0.5968,0.7258,6.297047055
0.6129,0.7258,6.231209038
0.629,0.7258,6.167090534
0.6452,0.7258,6.104275554
0.6613,0.7258,6.043500941
0.6774,0.7258,5.984331683
0.6935,0.7258,5.926723259
0.7097,0.7258,5.870285827
0.7258,0.7258,5.815669
0.7419,0.7258,5.762472584
0.7581,0.7258,5.710331916
0.7742,0.7258,5.659844023
0.7903,0.7258,5.610637186
0.8065,0.7258,5.562372569
0.8226,0.7258,5.515602294
0.8387,0.7258,5.469982376
0.8548,0.7258,5.425471864
0.871,0.7258,5.381764613
0.8871,0.7258,5.339361815
0.9032,0.7258,5.297953575
0.9194,0.7258,5.257256145
0.9355,0.7258,5.217737715
0.9516,0.7258,5.17911139
0.9677,0.7258,5.141345742
0.9839,0.7258,5.104183731
0.0161,0.7419,2.300945638
0.0323,0.7419,3.132415809
0.0484,0.7419,3.924326643
0.0645,0.7419,4.656593002
0.0806,0.7419,5.311334215
0.0968,0.7419,5.881810992
0.1129,0.7419,6.358136625
0.129,0.7419,6.746886357
0.1452,0.7419,7.056315962
0.1613,0.7419,7.29139862
0.1774,0.7419,7.463895256
0.1935,0.7419,7.583352542
0.2097,0.7419,7.659033508
0.2258,0.7419,7.698025696
0.2419,0.7419,7.707856317
0.2581,0.7419,7.69427304
0.2742,0.7419,7.662394904
0.2903,0.7419,7.61627055
0.3065,0.7419,7.558843148
0.3226,0.7419,7.493533261
0.3387,0.7419,7.422191237
0.3548,0.7419,7.346560728
0.371,0.7419,7.267538742
0.3871,0.7419,7.187210508
0.4032,0.7419,7.105967079
0.4194,0.7419,7.023986698
0.4355,0.7419,6.942816815
0.4516,0.7419,6.86236255
0.4677,0.7419,6.782937875
0.4839,0.7419,6.704297894
0.5,0.7419,6.627588288
0.5161,0.7419,6.552443734
0.5323,0.7419,6.478497924
0.5484,0.7419,6.406717658
0.5645,0.7419,6.336670199
0.5806,0.7419,6.268365132
0.5968,0.7419,6.20138888
0.6129,0.7419,6.136551005
0.629,0.7419,6.073406522
0.6452,0.7419,6.011545762
0.6613,0.7419,5.951694373
0.6774,0.7419,5.893423953
0.6935,0.7419,5.836690657
0.7097,0.7419,5.781110563
0.7258,0.7419,5.727323418
0.7419,0.7419,5.674935107
0.7581,0.7419,5.623586505
0.7742,0.7419,5.573865572
0.7903,0.7419,5.525406233
0.8065,0.7419,5.477874802
0.8226,0.7419,5.431815013
0.8387,0.7419,5.386888105
0.8548,0.7419,5.343053751
0.871,0.7419,5.300010455
0.8871,0.7419,5.258251795
0.9032,0.7419,5.217472586
0.9194,0.7419,5.177393389
0.9355,0.7419,5.138475281
0.9516,0.7419,5.100435728
0.9677,0.7419,5.063243776
0.9839,0.7419,5.026646291
0.0161,0.7581,2.266248601
0.0323,0.7581,3.085180644
0.0484,0.7581,3.865149885
0.0645,0.7581,4.586374057
0.0806,0.7581,5.23124212
0.0968,0.7581,5.793116411
0.1129,0.7581,6.262259307
0.129,0.7581,6.6451469
0.1452,0.7581,6.94991047
0.1613,0.7581,7.181448207
0.1774,0.7581,7.351343685
0.1935,0.7581,7.468999619
0.2097,0.7581,7.543539357
0.2258,0.7581,7.581943564
0.2419,0.7581,7.591625943
0.2581,0.7581,7.578247495
0.2742,0.7581,7.546850064
0.2903,0.7581,7.501421241
0.3065,0.7581,7.444859814
0.3226,0.7581,7.380534766
0.3387,0.7581,7.310268541
0.3548,0.7581,7.2357785
0.371,0.7581,7.157948123
0.3871,0.7581,7.078831196
0.4032,0.7581,6.998812875
0.4194,0.7581,6.918068715
0.4355,0.7581,6.83812283
0.4516,0.7581,6.758881773
0.4677,0.7581,6.68065478
0.4839,0.7581,6.603200648
0.5,0.7581,6.527647782
0.5161,0.7581,6.453636368
0.5323,0.7581,6.380805622
0.5484,0.7581,6.310107763
0.5645,0.7581,6.241116583
0.5806,0.7581,6.17384152
0.5968,0.7581,6.107875234
0.6129,0.7581,6.04401508
0.629,0.7581,5.981822783
0.6452,0.7581,5.92089485
0.6613,0.7581,5.861945988
0.6774,0.7581,5.804554255
0.6935,0.7581,5.748676466
0.7097,0.7581,5.693934491
0.7258,0.7581,5.640958427
0.7419,0.7581,5.589360104
0.7581,0.7581,5.538785812
0.7742,0.7581,5.489814644
0.7903,0.7581,5.442086046
0.8065,0.7581,5.395271364
0.8226,0.7581,5.349906132
0.8387,0.7581,5.305656698
0.8548,0.7581,5.262483342
0.871,0.7581,5.220089116
0.8871,0.7581,5.178960155
0.9032,0.7581,5.138795875
0.9194,0.7581,5.099321051
0.9355,0.7581,5.060989807
0.9516,0.7581,5.02352387
0.9677,0.7581,4.986892753
0.9839,0.7581,4.950847139
0.0161,0.7742,2.232736574
0.0323,0.7742,3.039558705
0.0484,0.7742,3.807994193
0.0645,0.7742,4.518553302
0.0806,0.7742,5.153885414
0.0968,0.7742,5.70745102
0.1129,0.7742,6.16965649
0.129,0.7742,6.546882155
0.1452,0.7742,6.84713905
0.1613,0.7742,7.075252935
0.1774,0.7742,7.242636094
0.1935,0.7742,7.358552197
0.2097,0.7742,7.431989682
0.2258,0.7742,7.469825989
0.2419,0.7742,7.479365191
0.2581,0.7742,7.466184576
0.2742,0.7742,7.435251433
0.2903,0.7742,7.390494386
0.3065,0.7742,7.334769357
0.3226,0.7742,7.271395513
0.3387,0.7742,7.202168346
0.3548,0.7742,7.128779822
0.371,0.7742,7.052100358
0.3871,0.7742,6.974153368
0.4032,0.7742,6.895318313
0.4194,0.7742,6.815768153
0.4355,0.7742,6.737004464
0.4516,0.7742,6.658935179
0.4677,0.7742,6.581864963
0.4839,0.7742,6.505556181
0.5,0.7742,6.431120548
0.5161,0.7742,6.358203574
0.5323,0.7742,6.286449808
0.5484,0.7742,6.216797391
0.5645,0.7742,6.148826414
0.5806,0.7742,6.082546177
0.5968,0.7742,6.017555364
0.6129,0.7742,5.954639538
0.629,0.7742,5.893366906
0.6452,0.7742,5.833339942
0.6613,0.7742,5.775262783
0.6774,0.7742,5.718719727
0.6935,0.7742,5.663668228
0.7097,0.7742,5.609735746
0.7258,0.7742,5.557543064
0.7419,0.7742,5.506707748
0.7581,0.7742,5.45688132
0.7742,0.7742,5.408634311
0.7903,0.7742,5.361611497
0.8065,0.7742,5.315489084
0.8226,0.7742,5.270794688
0.8387,0.7742,5.22719959
0.8548,0.7742,5.184664658
0.871,0.7742,5.142897334
0.8871,0.7742,5.102376566
0.9032,0.7742,5.062806212
0.9194,0.7742,5.02391512
0.9355,0.7742,4.986150698
0.9516,0.7742,4.949238786
0.9677,0.7742,4.91314935
0.9839,0.7742,4.877636759
0.0161,0.7903,2.200155139
0.0323,0.7903,2.995203635
0.0484,0.7903,3.75242565
0.0645,0.7903,4.452615853
0.0806,0.7903,5.078676816
0.0968,0.7903,5.624164459
0.1129,0.7903,6.07962515
0.129,0.7903,6.45134611
0.1452,0.7903,6.747221477
0.1613,0.7903,6.972006586
0.1774,0.7903,7.136947189
0.1935,0.7903,7.251171775
0.2097,0.7903,7.323537616
0.2258,0.7903,7.360821792
0.2419,0.7903,7.370221793
0.2581,0.7903,7.357233517
0.2742,0.7903,7.326751769
0.2903,0.7903,7.282647844
0.3065,0.7903,7.227735988
0.3226,0.7903,7.165286933
0.3387,0.7903,7.09706997
0.3548,0.7903,7.024752377
0.371,0.7903,6.949191865
0.3871,0.7903,6.872382325
0.4032,0.7903,6.794697679
0.4194,0.7903,6.716308362
0.4355,0.7903,6.63869404
0.4516,0.7903,6.56176399
0.4677,0.7903,6.485818429
0.4839,0.7903,6.41062319
0.5,0.7903,6.337273767
0.5161,0.7903,6.265420841
0.5323,0.7903,6.194714149
0.5484,0.7903,6.126078142
0.5645,0.7903,6.059099038
0.5806,0.7903,5.993786003
0.5968,0.7903,5.929743574
0.6129,0.7903,5.867745854
0.629,0.7903,5.807367349
0.6452,0.7903,5.748216335
0.6613,0.7903,5.690986673
0.6774,0.7903,5.635268727
0.6935,0.7903,5.581020573
0.7097,0.7903,5.527875106
0.7258,0.7903,5.476444051
0.7419,0.7903,5.426350554
0.7581,0.7903,5.377251224
0.7742,0.7903,5.329708264
0.7903,0.7903,5.283371635
0.8065,0.7903,5.237922268
0.8226,0.7903,5.19388008
0.8387,0.7903,5.150921148
0.8548,0.7903,5.109006911
0.871,0.7903,5.067849081
0.8871,0.7903,5.027919616
0.9032,0.7903,4.988926697
0.9194,0.7903,4.950603127
0.9355,0.7903,4.913389786
0.9516,0.7903,4.877016515
0.9677,0.7903,4.841453718
0.9839,0.7903,4.806459347
0.0161,0.8065,2.168274685
0.0323,0.8065,2.951802855
0.0484,0.8065,3.698052652
0.0645,0.8065,4.388097033
0.0806,0.8065,5.005086315
0.0968,0.8065,5.542669791
0.1129,0.8065,5.991530814
0.129,0.8065,6.357865502
0.1452,0.8065,6.649453607
0.1613,0.8065,6.87098156
0.1774,0.8065,7.033532158
0.1935,0.8065,7.146101618
0.2097,0.8065,7.217418872
0.2258,0.8065,7.254162797
0.2419,0.8065,7.263426591
0.2581,0.8065,7.250626517
0.2742,0.8065,7.220586452
0.2903,0.8065,7.177121597
0.3065,0.8065,7.123005419
0.3226,0.8065,7.061461256
0.3387,0.8065,6.994232764
0.3548,0.8065,6.922963059
0.371,0.8065,6.848497426
0.3871,0.8065,6.772800863
0.4032,0.8065,6.696241875
0.4194,0.8065,6.618988427
0.4355,0.8065,6.542498744
0.4516,0.8065,6.466683417
0.4677,0.8065,6.391838314
0.4839,0.8065,6.317732661
0.5,0.8065,6.245446078
0.5161,0.8065,6.174634308
0.5323,0.8065,6.104952163
0.5484,0.8065,6.037310697
0.5645,0.8065,5.971302128
0.5806,0.8065,5.906935484
0.5968,0.8065,5.843821036
0.6129,0.8065,5.782721669
0.629,0.8065,5.723218054
0.6452,0.8065,5.664924143
0.6613,0.8065,5.608523744
0.6774,0.8065,5.553613157
0.6935,0.8065,5.500151063
0.7097,0.8065,5.44777568
0.7258,0.8065,5.397089865
0.7419,0.8065,5.347722228
0.7581,0.8065,5.299334352
0.7742,0.8065,5.252480293
0.7903,0.8065,5.206815087
0.8065,0.8065,5.162024286
0.8226,0.8065,5.118620273
0.8387,0.8065,5.076283819
0.8548,0.8065,5.034976924
0.871,0.8065,4.994415475
0.8871,0.8065,4.955064591
0.9032,0.8065,4.916636683
0.9194,0.8065,4.878868426
0.9355,0.8065,4.842194309
0.9516,0.8065,4.806348091
0.9677,0.8065,4.771300601
0.9839,0.8065,4.736813303
0.0161,0.8226,2.137454673
0.0323,0.8226,2.909845717
0.0484,0.8226,3.645488265
0.0645,0.8226,4.325724306
0.0806,0.8226,4.933943658
0.0968,0.8226,5.463885884
0.1129,0.8226,5.906366764
0.129,0.8226,6.267494345
0.1452,0.8226,6.554937796
0.1613,0.8226,6.773316934
0.1774,0.8226,6.933557026
0.1935,0.8226,7.044526416
0.2097,0.8226,7.114829961
0.2258,0.8226,7.151051606
0.2419,0.8226,7.160183723
0.2581,0.8226,7.14756559
0.2742,0.8226,7.117952517
0.2903,0.8226,7.075105474
0.3065,0.8226,7.021758508
0.3226,0.8226,6.961089139
0.3387,0.8226,6.894816237
0.3548,0.8226,6.824559564
0.371,0.8226,6.751152391
0.3871,0.8226,6.676531785
0.4032,0.8226,6.601061012
0.4194,0.8226,6.524905649
0.4355,0.8226,6.449503196
0.4516,0.8226,6.374765514
0.4677,0.8226,6.300984265
0.4839,0.8226,6.227931955
0.5,0.8226,6.156672859
0.5161,0.8226,6.086867612
0.5323,0.8226,6.018175934
0.5484,0.8226,5.951495929
0.5645,0.8226,5.88642561
0.5806,0.8226,5.822973878
0.5968,0.8226,5.760756544
0.6129,0.8226,5.700525647
0.629,0.8226,5.641867821
0.6452,0.8226,5.584402504
0.6613,0.8226,5.528803785
0.6774,0.8226,5.4746737
0.6935,0.8226,5.421971521
0.7097,0.8226,5.370340605
0.7258,0.8226,5.320375242
0.7419,0.8226,5.27170932
0.7581,0.8226,5.224009232
0.7742,0.8226,5.177821161
0.7903,0.8226,5.132805043
0.8065,0.8226,5.088650901
0.8226,0.8226,5.045863836
0.8387,0.8226,5.004129156
0.8548,0.8226,4.9634094
0.871,0.8226,4.923424494
0.8871,0.8226,4.884632947
0.9032,0.8226,4.846751256
0.9194,0.8226,4.809519839
0.9355,0.8226,4.773367012
0.9516,0.8226,4.738030313
0.9677,0.8226,4.703480992
0.9839,0.8226,4.669483898
0.0161,0.8387,2.107463124
0.0323,0.8387,2.869016416
0.0484,0.8387,3.594336847
0.0645,0.8387,4.265028203
0.0806,0.8387,4.864713366
0.0968,0.8387,5.387219745
0.1129,0.8387,5.823491984
0.129,0.8387,6.179552428
0.1452,0.8387,6.462962636
0.1613,0.8387,6.678277602
0.1774,0.8387,6.836269297
0.1935,0.8387,6.945681628
0.2097,0.8387,7.014998713
0.2258,0.8387,7.050712116
0.2419,0.8387,7.059716097
0.2581,0.8387,7.047275014
0.2742,0.8387,7.018077455
0.2903,0.8387,6.975831617
0.3065,0.8387,6.923233186
0.3226,0.8387,6.863415094
0.3387,0.8387,6.798072096
0.3548,0.8387,6.728801225
0.371,0.8387,6.65642406
0.3871,0.8387,6.582850487
0.4032,0.8387,6.508438677
0.4194,0.8387,6.433351884
0.4355,0.8387,6.359007435
0.4516,0.8387,6.285318429
0.4677,0.8387,6.212572436
0.4839,0.8387,6.140545155
0.5,0.8387,6.070285926
0.5161,0.8387,6.001460147
0.5323,0.8387,5.933732312
0.5484,0.8387,5.867987923
0.5645,0.8387,5.803830633
0.5806,0.8387,5.74126922
0.5968,0.8387,5.679924884
0.6129,0.8387,5.620539113
0.629,0.8387,5.56270434
0.6452,0.8387,5.506045344
0.6613,0.8387,5.451226754
0.6774,0.8387,5.397856192
0.6935,0.8387,5.3458935
0.7097,0.8387,5.294987039
0.7258,0.8387,5.245722762
0.7419,0.8387,5.197739692
0.7581,0.8387,5.150708905
0.7742,0.8387,5.105168918
0.7903,0.8387,5.060784442
0.8065,0.8387,5.017249846
0.8226,0.8387,4.975063144
0.8387,0.8387,4.933914061
0.8548,0.8387,4.893765662
0.871,0.8387,4.854341802
0.8871,0.8387,4.816094555
0.9032,0.8387,4.778744399
0.9194,0.8387,4.742035392
0.9355,0.8387,4.70638984
0.9516,0.8387,4.671548966
0.9677,0.8387,4.637484421
0.9839,0.8387,4.603964355
0.0161,0.8548,2.07826904
0.0323,0.8548,2.829272752
0.0484,0.8548,3.544545527
0.0645,0.8548,4.205945987
0.0806,0.8548,4.797323883
0.0968,0.8548,5.31259213
0.1129,0.8548,5.742820815
0.129,0.8548,6.093948856
0.1452,0.8548,6.373433063
0.1613,0.8548,6.585765333
0.1774,0.8548,6.741568413
0.1935,0.8548,6.849465086
0.2097,0.8548,6.917821942
0.2258,0.8548,6.953040618
0.2419,0.8548,6.961919869
0.2581,0.8548,6.949651129
0.2742,0.8548,6.920858035
0.2903,0.8548,6.879197417
0.3065,0.8548,6.827327616
0.3226,0.8548,6.768338168
0.3387,0.8548,6.703900347
0.3548,0.8548,6.635589066
0.371,0.8548,6.564214521
0.3871,0.8548,6.491660142
0.4032,0.8548,6.418279138
0.4194,0.8548,6.3442325
0.4355,0.8548,6.270917924
0.4516,0.8548,6.19824971
0.4677,0.8548,6.126511447
0.4839,0.8548,6.055481939
0.5,0.8548,5.986195991
0.5161,0.8548,5.918323636
0.5323,0.8548,5.851534015
0.5484,0.8548,5.786700364
0.5645,0.8548,5.723431827
0.5806,0.8548,5.66173706
0.5968,0.8548,5.601242509
0.6129,0.8548,5.542679392
0.629,0.8548,5.485645788
0.6452,0.8548,5.429771672
0.6613,0.8548,5.375712469
0.6774,0.8548,5.323081234
0.6935,0.8548,5.271838366
0.7097,0.8548,5.221637098
0.7258,0.8548,5.173055265
0.7419,0.8548,5.125736891
0.7581,0.8548,5.079357608
0.7742,0.8548,5.034448474
0.7903,0.8548,4.990678842
0.8065,0.8548,4.947747318
0.8226,0.8548,4.906145017
0.8387,0.8548,4.865565961
0.8548,0.8548,4.825973726
0.871,0.8548,4.787095993
0.8871,0.8548,4.749378575
0.9032,0.8548,4.712545819
0.9194,0.8548,4.676345331
0.9355,0.8548,4.641193567
0.9516,0.8548,4.606835335
0.9677,0.8548,4.573242676
0.9839,0.8548,4.540186954
0.0161,0.871,2.049668581
0.0323,0.871,2.790337225
0.0484,0.871,3.495766649
0.0645,0.871,4.148065132
0.0806,0.871,4.73130468
0.0968,0.871,5.239481973
0.1129,0.871,5.663789991
0.129,0.871,6.010085923
0.1452,0.871,6.28572396
0.1613,0.871,6.495134182
0.1774,0.871,6.648793151
0.1935,0.871,6.755204986
0.2097,0.871,6.822621137
0.2258,0.871,6.857355144
0.2419,0.871,6.866112202
0.2581,0.871,6.854012301
0.2742,0.871,6.825615448
0.2903,0.871,6.78452815
0.3065,0.871,6.733372164
0.3226,0.871,6.675194509
0.3387,0.871,6.611643461
0.3548,0.871,6.544272257
0.371,0.871,6.473879946
0.3871,0.871,6.402324036
0.4032,0.871,6.329952877
0.4194,0.871,6.256925245
0.4355,0.871,6.1846196
0.4516,0.871,6.112951423
0.4677,0.871,6.042200398
0.4839,0.871,5.972148375
0.5,0.871,5.903815918
0.5161,0.871,5.8368776
0.5323,0.871,5.771007116
0.5484,0.871,5.707065684
0.5645,0.871,5.644667828
0.5806,0.871,5.583822084
0.5968,0.871,5.52416004
0.6129,0.871,5.466402849
0.629,0.871,5.410154123
0.6452,0.871,5.355048929
0.6613,0.871,5.30173367
0.6774,0.871,5.249826729
0.6935,0.871,5.199289049
0.7097,0.871,5.149778634
0.7258,0.871,5.101865368
0.7419,0.871,5.055198174
0.7581,0.871,5.009457148
0.7742,0.871,4.965166038
0.7903,0.871,4.92199875
0.8065,0.871,4.879658036
0.8226,0.871,4.838628252
0.8387,0.871,4.798607632
0.8548,0.871,4.759560252
0.871,0.871,4.721217542
0.8871,0.871,4.684019179
0.9032,0.871,4.647693303
0.9194,0.871,4.611990995
0.9355,0.871,4.577322978
0.9516,0.871,4.543437572
0.9677,0.871,4.510307204
0.9839,0.871,4.477706384
0.0161,0.8871,2.021986394
0.0323,0.8871,2.752651798
0.0484,0.8871,3.448553911
0.0645,0.8871,4.092042654
0.0806,0.8871,4.667405149
0.0968,0.8871,5.168719158
0.1129,0.8871,5.587296604
0.129,0.8871,5.92891557
0.1452,0.8871,6.200830925
0.1613,0.8871,6.407412918
0.1774,0.8871,6.558996617
0.1935,0.8871,6.663971287
0.2097,0.8871,6.730476936
0.2258,0.8871,6.764741837
0.2419,0.8871,6.773380625
0.2581,0.8871,6.761444141
0.2742,0.8871,6.733430807
0.2903,0.8871,6.692898421
0.3065,0.8871,6.642433333
0.3226,0.8871,6.585041407
0.3387,0.8871,6.522348659
0.3548,0.8871,6.45588735
0.371,0.8871,6.386445735
0.3871,0.8871,6.315856238
0.4032,0.8871,6.244462501
0.4194,0.8871,6.172421157
0.4355,0.8871,6.10109205
0.4516,0.8871,6.030391801
0.4677,0.8871,5.960596318
0.4839,0.8871,5.891490395
0.5,0.8871,5.824080815
0.5161,0.8871,5.758046545
0.5323,0.8871,5.693065687
0.5484,0.8871,5.629987829
0.5645,0.8871,5.568432699
0.5806,0.8871,5.508408718
0.5968,0.8871,5.449552451
0.6129,0.8871,5.392575311
0.629,0.8871,5.337086263
0.6452,0.8871,5.282725302
0.6613,0.8871,5.230130103
0.6774,0.8871,5.178924201
0.6935,0.8871,5.129069067
0.7097,0.8871,5.080227325
0.7258,0.8871,5.03296116
0.7419,0.8871,4.986924239
0.7581,0.8871,4.941800977
0.7742,0.8871,4.898108049
0.7903,0.8871,4.855523765
0.8065,0.8871,4.813754892
0.8226,0.8871,4.773279243
0.8387,0.8871,4.733799129
0.8548,0.8871,4.69527911
0.871,0.8871,4.657454245
0.8871,0.8871,4.620758271
0.9032,0.8871,4.584923002
0.9194,0.8871,4.549702878
0.9355,0.8871,4.515503076
0.9516,0.8871,4.482075316
0.9677,0.8871,4.449392397
0.9839,0.8871,4.417231873
0.0161,0.9032,1.995016544
0.0323,0.9032,2.715936118
0.0484,0.9032,3.402556084
0.0645,0.9032,4.037461785
0.0806,0.9032,4.605149925
0.0968,0.9032,5.099777261
0.1129,0.9032,5.512771598
0.129,0.9032,5.84983395
0.1452,0.9032,6.118122418
0.1613,0.9032,6.321948959
0.1774,0.9032,6.47151079
0.1935,0.9032,6.575085276
0.2097,0.9032,6.640703854
0.2258,0.9032,6.67451172
0.2419,0.9032,6.68303528
0.2581,0.9032,6.671258009
0.2742,0.9032,6.643618325
0.2903,0.9032,6.603626572
0.3065,0.9032,6.553834602
0.3226,0.9032,6.497208186
0.3387,0.9032,6.435351653
0.3548,0.9032,6.369776825
0.371,0.9032,6.301261442
0.3871,0.9032,6.231613488
0.4032,0.9032,6.161172022
0.4194,0.9032,6.090091587
0.4355,0.9032,6.019713888
0.4516,0.9032,5.94995666
0.4677,0.9032,5.88109213
0.4839,0.9032,5.812907963
0.5,0.9032,5.746397511
0.5161,0.9032,5.681244026
0.5323,0.9032,5.617129901
0.5484,0.9032,5.554893394
0.5645,0.9032,5.494159305
0.5806,0.9032,5.434935942
0.5968,0.9032,5.376864717
0.6129,0.9032,5.320647555
0.629,0.9032,5.265898636
0.6452,0.9032,5.212262757
0.6613,0.9032,5.160369088
0.6774,0.9032,5.109846186
0.6935,0.9032,5.060656034
0.7097,0.9032,5.012465757
0.7258,0.9032,4.965830043
0.7419,0.9032,4.920407176
0.7581,0.9032,4.875885781
0.7742,0.9032,4.832775642
0.7903,0.9032,4.79075936
0.8065,0.9032,4.749547612
0.8226,0.9032,4.70961184
0.8387,0.9032,4.670658323
0.8548,0.9032,4.632652096
0.871,0.9032,4.59533175
0.8871,0.9032,4.559125238
0.9032,0.9032,4.52376795
0.9194,0.9032,4.489017602
0.9355,0.9032,4.455273967
0.9516,0.9032,4.422292076
0.9677,0.9032,4.390045092
0.9839,0.9032,4.358313535
0.0161,0.9194,1.968572039
0.0323,0.9194,2.67993562
0.0484,0.9194,3.357454246
0.0645,0.9194,3.983944093
0.0806,0.9194,4.544107367
0.0968,0.9194,5.032178278
0.1129,0.9194,5.439698259
0.129,0.9194,5.772292754
0.1452,0.9194,6.037024983
0.1613,0.9194,6.238149747
0.1774,0.9194,6.385729094
0.1935,0.9194,6.487930671
0.2097,0.9194,6.552679455
0.2258,0.9194,6.586039189
0.2419,0.9194,6.594449767
0.2581,0.9194,6.582828607
0.2742,0.9194,6.555555295
0.2903,0.9194,6.516093644
0.3065,0.9194,6.46696168
0.3226,0.9194,6.411085864
0.3387,0.9194,6.350049256
0.3548,0.9194,6.285343641
0.371,0.9194,6.217736449
0.3871,0.9194,6.149011698
0.4032,0.9194,6.079503953
0.4194,0.9194,6.00936571
0.4355,0.9194,5.939920887
0.4516,0.9194,5.871088311
0.4677,0.9194,5.803136599
0.4839,0.9194,5.735856232
0.5,0.9194,5.670227395
0.5161,0.9194,5.605937537
0.5323,0.9194,5.542673264
0.5484,0.9194,5.481261719
0.5645,0.9194,5.421332677
0.5806,0.9194,5.362894336
0.5968,0.9194,5.305592862
0.6129,0.9194,5.250120874
0.629,0.9194,5.196097667
0.6452,0.9194,5.143172748
0.6613,0.9194,5.091966944
0.6774,0.9194,5.042113737
0.6935,0.9194,4.993575614
0.7097,0.9194,4.946024113
0.7258,0.9194,4.900006568
0.7419,0.9194,4.855185794
0.7581,0.9194,4.811254543
0.7742,0.9194,4.768715841
0.7903,0.9194,4.727256497
0.8065,0.9194,4.686591022
0.8226,0.9194,4.647184609
0.8387,0.9194,4.608747432
0.8548,0.9194,4.571244989
0.871,0.9194,4.534419334
0.8871,0.9194,4.49869275
0.9032,0.9194,4.463804132
0.9194,0.9194,4.42951441
0.9355,0.9194,4.396218057
0.9516,0.9194,4.36367335
0.9677,0.9194,4.331853809
0.9839,0.9194,4.300542862
0.0161,0.9355,1.942954535
0.0323,0.9355,2.645060971
0.0484,0.9355,3.313762883
0.0645,0.9355,3.932100066
0.0806,0.9355,4.484973801
0.0968,0.9355,4.966693327
0.1129,0.9355,5.368910151
0.129,0.9355,5.697176515
0.1452,0.9355,5.958463719
0.1613,0.9355,6.156971197
0.1774,0.9355,6.302630058
0.1935,0.9355,6.403501662
0.2097,0.9355,6.467407855
0.2258,0.9355,6.50033347
0.2419,0.9355,6.508634599
0.2581,0.9355,6.497164668
0.2742,0.9355,6.47024627
0.2903,0.9355,6.431298143
0.3065,0.9355,6.382805546
0.3226,0.9355,6.327656855
0.3387,0.9355,6.267414532
0.3548,0.9355,6.203550946
0.371,0.9355,6.136823542
0.3871,0.9355,6.068993124
0.4032,0.9355,6.0003899
0.4194,0.9355,5.931164382
0.4355,0.9355,5.862623262
0.4516,0.9355,5.79468642
0.4677,0.9355,5.72761898
0.4839,0.9355,5.661214149
0.5,0.9355,5.596439356
0.5161,0.9355,5.532986118
0.5323,0.9355,5.470545118
0.5484,0.9355,5.409932737
0.5645,0.9355,5.350783566
0.5806,0.9355,5.293105697
0.5968,0.9355,5.2365499
0.6129,0.9355,5.181799783
0.629,0.9355,5.128479593
0.6452,0.9355,5.076243399
0.6613,0.9355,5.025703948
0.6774,0.9355,4.976499493
0.6935,0.9355,4.928593009
0.7097,0.9355,4.881660307
0.7258,0.9355,4.836241599
0.7419,0.9355,4.792004089
0.7581,0.9355,4.748644525
0.7742,0.9355,4.70665939
0.7903,0.9355,4.665739566
0.8065,0.9355,4.625603281
0.8226,0.9355,4.586709674
0.8387,0.9355,4.548772689
0.8548,0.9355,4.511758273
0.871,0.9355,4.47541184
0.8871,0.9355,4.440150174
0.9032,0.9355,4.405715571
0.9194,0.9355,4.371872069
0.9355,0.9355,4.33900901
0.9516,0.9355,4.306887815
0.9677,0.9355,4.275482349
0.9839,0.9355,4.244578859
0.0161,0.9516,1.917975094
0.0323,0.9516,2.611054953
0.0484,0.9516,3.271159752
0.0645,0.9516,3.881547332
0.0806,0.9516,4.427313089
0.0968,0.9516,4.902839426
0.1129,0.9516,5.299885182
0.129,0.9516,5.623931215
0.1452,0.9516,5.881859201
0.1613,0.9516,6.077814583
0.1774,0.9516,6.221600793
0.1935,0.9516,6.321175549
0.2097,0.9516,6.384260137
0.2258,0.9516,6.416762446
0.2419,0.9516,6.424956853
0.2581,0.9516,6.413634383
0.2742,0.9516,6.38706206
0.2903,0.9516,6.348614667
0.3065,0.9516,6.30074551
0.3226,0.9516,6.246305834
0.3387,0.9516,6.186838012
0.3548,0.9516,6.123795483
0.371,0.9516,6.057925955
0.3871,0.9516,5.990967593
0.4032,0.9516,5.923246361
0.4194,0.9516,5.854910836
0.4355,0.9516,5.787250909
0.4516,0.9516,5.720187492
0.4677,0.9516,5.653982299
0.4839,0.9516,5.588431197
0.5,0.9516,5.524489176
0.5161,0.9516,5.461851719
0.5323,0.9516,5.400213487
0.5484,0.9516,5.340380364
0.5645,0.9516,5.281991639
0.5806,0.9516,5.225055302
0.5968,0.9516,5.16922661
0.6129,0.9516,5.115180384
0.629,0.9516,5.0625457
0.6452,0.9516,5.010981076
0.6613,0.9516,4.961091382
0.6774,0.9516,4.91251952
0.6935,0.9516,4.865228942
0.7097,0.9516,4.818899627
0.7258,0.9516,4.774064841
0.7419,0.9516,4.730396067
0.7581,0.9516,4.687593952
0.7742,0.9516,4.646148595
0.7903,0.9516,4.605754854
0.8065,0.9516,4.566134578
0.8226,0.9516,4.527741003
0.8387,0.9516,4.490291752
0.8548,0.9516,4.45375321
0.871,0.9516,4.417874061
0.8871,0.9516,4.383065734
0.9032,0.9516,4.349073837
0.9194,0.9516,4.315665441
0.9355,0.9516,4.283224883
0.9516,0.9516,4.251516652
0.9677,0.9516,4.220514947
0.9839,0.9516,4.190008766
0.0161,0.9677,1.893611153
0.0323,0.9677,2.577886854
0.0484,0.9677,3.229606375
0.0645,0.9677,3.832240232
0.0806,0.9677,4.371073155
0.0968,0.9677,4.840558905
0.1129,0.9677,5.232561009
0.129,0.9677,5.552490701
0.1452,0.9677,5.807142241
0.1613,0.9677,6.000608412
0.1774,0.9677,6.142568113
0.1935,0.9677,6.240877975
0.2097,0.9677,6.303161203
0.2258,0.9677,6.335250637
0.2419,0.9677,6.343340951
0.2581,0.9677,6.33216231
0.2742,0.9677,6.305927534
0.2903,0.9677,6.267968536
0.3065,0.9677,6.220707459
0.3226,0.9677,6.166959327
0.3387,0.9677,6.108246921
0.3548,0.9677,6.046005219
0.371,0.9677,5.980972428
0.3871,0.9677,5.914864635
0.4032,0.9677,5.848003662
0.4194,0.9677,5.7805362
0.4355,0.9677,5.713735753
0.4516,0.9677,5.64752424
0.4677,0.9677,5.582160048
0.4839,0.9677,5.517441638
0.5,0.9677,5.454311869
0.5161,0.9677,5.392470093
0.5323,0.9677,5.331614848
0.5484,0.9677,5.272541782
0.5645,0.9677,5.214894767
0.5806,0.9677,5.158681689
0.5968,0.9677,5.103562186
0.6129,0.9677,5.050202506
0.629,0.9677,4.998236439
0.6452,0.9677,4.947326837
0.6613,0.9677,4.898070889
0.6774,0.9677,4.850116033
0.6935,0.9677,4.803426185
0.7097,0.9677,4.757685389
0.7258,0.9677,4.713420137
0.7419,0.9677,4.670306085
0.7581,0.9677,4.628047683
0.7742,0.9677,4.587128805
0.7903,0.9677,4.547248183
0.8065,0.9677,4.508131201
0.8226,0.9677,4.470225338
0.8387,0.9677,4.433251803
0.8548,0.9677,4.397177408
0.871,0.9677,4.361754031
0.8871,0.9677,4.327387872
0.9032,0.9677,4.293827772
0.9194,0.9677,4.260843762
0.9355,0.9677,4.228815294
0.9516,0.9677,4.197509851
0.9677,0.9677,4.16690196
0.9839,0.9677,4.136783297
0.0161,0.9839,1.869695312
0.0323,0.9839,2.54532878
0.0484,0.9839,3.188817244
0.0645,0.9839,3.783839984
0.0806,0.9839,4.315867579
0.0968,0.9839,4.77942384
0.1129,0.9839,5.166475054
0.129,0.9839,5.482364113
0.1452,0.9839,5.733799467
0.1613,0.9839,5.924822208
0.1774,0.9839,6.064988993
0.1935,0.9839,6.162057226
0.2097,0.9839,6.223553832
0.2258,0.9839,6.255237985
0.2419,0.9839,6.26322612
0.2581,0.9839,6.252188663
0.2742,0.9839,6.226285225
0.2903,0.9839,6.18880564
0.3065,0.9839,6.142141458
0.3226,0.9839,6.089072152
0.3387,0.9839,6.03110127
0.3548,0.9839,5.969645664
0.371,0.9839,5.905434222
0.3871,0.9839,5.840161354
0.4032,0.9839,5.774144819
0.4194,0.9839,5.707529454
0.4355,0.9839,5.64157268
0.4516,0.9839,5.576197402
0.4677,0.9839,5.511658744
0.4839,0.9839,5.447757711
0.5,0.9839,5.385425256
0.5161,0.9839,5.324364526
0.5323,0.9839,5.264277868
0.5484,0.9839,5.20595088
0.5645,0.9839,5.149031932
0.5806,0.9839,5.093528812
0.5968,0.9839,5.039105455
0.6129,0.9839,4.986419694
0.629,0.9839,4.935109946
0.6452,0.9839,4.88484332
0.6613,0.9839,4.836209463
0.6774,0.9839,4.788860264
0.6935,0.9839,4.742760097
0.7097,0.9839,4.697596996
0.7258,0.9839,4.653890804
0.7419,0.9839,4.611321271
0.7581,0.9839,4.569596583
0.7742,0.9839,4.5291945
0.7903,0.9839,4.48981756
0.8065,0.9839,4.451194616
0.8226,0.9839,4.413767495
0.8387,0.9839,4.377260927
0.8548,0.9839,4.341642142
0.871,0.9839,4.306666153
0.8871,0.9839,4.272734031
0.9032,0.9839,4.239597787
0.9194,0.9839,4.207030356
0.9355,0.9839,4.1754064
0.9516,0.9839,4.144496337
0.9677,0.9839,4.114275016
0.9839,0.9839,4.084536745
